,id,title,price,rooms,surface,floor,description,bathroom,furniture,heating,garage
0,95714327,"
Piso en calle de Meléndez Valdés, 14, Arapiles, Madrid
",1.700€/mes,2 hab.,75 m²,Planta 3ª exterior con ascensor,"
SIN COMISION DE AGENCIATAMBIEN ESTANCIAS CORTASExterior con muchísima luz naturalMetros (San Bernardo, Moncloa, Arguelles, Islas Filipinas, Quevedo)En buen edificio con ascensore y portero físicoDOS DORMITORIOS AMBOS CON ARMARIO Y CAMA DOBLE Y CON AIRE ACONDICIONADOSalón, Baño, CocinaCOMPLETAMENTE AMUEBLADO Y EQUIPADO(tv, wifi, aire acondicionado, calefaccion, horno, lavadora, microondas, plancha tabla de plancha etc).Con menaje de cocina y baño completo, vajilla, cubertería, sábanas, toallas, etc.La mejor zona de Madrid Centro, elegante, segura rodeada de sitios de ocio y comercialesMuy cerca de Universidades Complutense, ICADE, Comillas, Instituto de Empresa IE, San Pablo CEU, San LuisCerca de los centros financieros de trabajo y de interés turístico y profesional.Estupenda comunicación con Aeropuerto y estaciones de AVE.
",1 baño,Amueblado y cocina equipada,,
1,99516301,"
Dúplex en calle del Patriarca San José, Simancas, Madrid
",950€/mes,2 hab.,110 m²,Planta 1ª exterior sin ascensor,"
Preferible whatsapp a cualquier hora y festivos, al 661007094, a cualquier hora del día o de la noche. seis seis uno cero cero siete cero noventa y cuatro. Imprescindible nóminas y Aval bancario o fiadoresAmueblado o vacío.Casa adosada de dos plantas. totalmente reformada y cuidado cualquier detalle, paredes lisas, Dos dormitorios arriba con aire acondicionado y una terraza y abajo un salón comedor una sala, cocina y cuarto de baño y un patio.La cocina está totalmente amueblada, con lavavajillas y el cuarto de baño reformado.La zona y la calle son enormemente tranquilas y de gente mayor muy agradable a una manzana esta la calle virgen de la Oliva con todos los comercios necesarios.y varias terrazas tranquilas y agradables a tres manzanas de la calle Emilio Muñoz con edificios de oficinas de nueva construcción e importantes empresasPar entrar un mes de fianza un mes corriente y un mes de honorarios más I. V. AMuchas Gracias.
",1 baño,Amueblado y cocina equipada,Calefacción individual: Gas natural,
2,99516773,"
Ático en avenida de Madrid, La Maternitat i Sant Ramon, Barcelona
",1.025€/mes,1 hab.,45 m²,Planta 10ª con ascensor,"
Barcelona Dream House, pone de forma exclusiva este sobre ático con ascensor. El sobre ático tiene una terraza de unos 30m2 aprox, más otros 40m útiles de vivienda, cuenta con una habitación doble con armarios, cocina y baño, aire acondicionado (frio/calor) todo está en condiciones perfectas, la vivienda esta completamente amueblada y equipada La finca también cuenta con ascensor desde la primera planta, no duden en visitarlo, a tan solo 5m andando al Camp Nou, rodeado de transporte público y todo tipo de restaurantes y ocio. No duden en visitarlo.
",1 baño,,,
3,99516497,"
Chalet adosado en calle del Patriarca San José, Simancas, Madrid
",950€/mes,2 hab.,110 m²,,"
Preferible whatsapp a cualquier hora y festivos, al 661007094, a cualquier hora del día o de la noche. seis seis uno cero cero siete cero noventa y cuatro. Imprescindible nóminas y Aval bancario o fiadoresAmueblado o vacío.Casa adosada de dos plantas. totalmente reformada y cuidado cualquier detalle, paredes lisas, Dos dormitorios arriba con aire acondicionado y una terraza y abajo un salón comedor una sala, cocina y cuarto de baño y un patio.La cocina está totalmente amueblada, con lavavajillas y el cuarto de baño reformado.La zona y la calle son enormemente tranquilas y de gente mayor muy agradable a una manzana esta la calle virgen de la Oliva con todos los comercios necesarios.y varias terrazas tranquilas y agradables a tres manzanas de la calle Emilio Muñoz con edificios de oficinas de nueva construcción e importantes empresasPar entrar un mes de fianza un mes corriente y un mes de honorarios más I. V. AMuchas Gracias.
",1 baño,Amueblado y cocina equipada,Calefacción individual,
4,99515664,"
Piso en calle del Castillo de Simancas, 2, Simancas, Madrid
",790€/mes,2 hab.,55 m²,Planta 4ª exterior con ascensor,"
Piso reformado con 2 dormitorios, baño, cocina independiente con electrodomésticos a estrenar, aire acondicionado, calefacción, ubicado en 4ª planta, finca CON ASCENSOR, luminoso, armarios empotrados vestidos en los dos dormitorios, semi amueblado o vacío. La vivienda está ubicada junto al metro de Simancas, línea 7, fácil acceso a M-30, M-40, A-2 y a 15 minutos del Aeropuerto Adolfo Suarez, con supermercados, colegios, centros de salud, parques, farmacias, cafeterías, polideportivos y centros comerciales.Requisitos:Nómina, contrato de trabajo, documentación que acredite solvencia económica. Un mese de fianza y un mes depósito de garantía.
",1 baño,Amueblado y cocina equipada,,
5,98227587,"
Casa o chalet independiente en El Soto de la Moraleja, La Moraleja
",4.200€/mes,4 hab.,262 m²,,"
Relok Group alquila fabuloso chalet independiente en el Soto de la Moraleja. Una urbanización muy representativa, tranquila con pozo y pocos vecinos, en la que no suelen haber oportunidades para alquilar casas. No te pierdas esta oportunidad.La casa cuenta con 262 m2 en una parcela de 500 m2, con piscina privada y hermoso jardín. Son 4 habitaciones y 3 baños. Una cocina con office y zona de lavado.El area del salón comedor es en dos niveles, muy amplio y espacioso.Si estas interesado en esta propiedad o deseas recibir información adicional no dude en contactarnos!
",3 baños,Cocina equipada y casa sin amueblar,Calefacción individual,Plaza de garaje incluida en el precio
6,99515915,"
Piso en calle de Pérez Cidón, Concepción, Madrid
",950€/mes,1 hab.,57 m²,Planta 1ª exterior con ascensor,"
SERVICHECK ALQUILA.. . CARMEN IRENE RODRIGUEZ 665.595. 234Recien pintado, suelo acuchillado y barnizado.EXCELENTE UBICACION.. .Estupendo piso, exterior y luminoso en urbanización privada, con portero físico. Se alquila amueblado. Consta de un hall, cuarto de baño completo con bañera y lavadora a estrenar, habitación amplia con mucha capacidad de almacenamiento, salón y cocina américana equipada con todos sus electrodomésticos: vitrocerámica, frigorífico, horno, microondas. El piso cuenta con calefacción individual de gas natural, armarios empotrados, plaza de garaje y piscina.Excelente ubicación, líneas de buses, metro, cercano a comercios, bares y más.Condiciones económicas: Mes de fianza, mes de garantía adicional, mes de agencia. Para más información contactar con Carmen Irene Rodríguez al 665.595. 234Llamadas o WhatsApp.
",1 baño,Amueblado y cocina equipada,Calefacción individual: Gas natural,Plaza de garaje incluida en el precio
7,99232038,"
Piso en ESPRONCEDA, Nuevos Ministerios-Ríos Rosas, Madrid
",2.500€/mes,4 hab.,140 m²,Planta 2ª exterior con ascensor,"
EXCELENTE OPORTUNIDAD! Amplísima vivienda sin amueblar, situada en una de las mejores zonas de Madrid ( Chamberí, rios rosas), a 3 min de la zona de moda de ponzano, consta de 4 habitaciones, cocina totalmente equipada, salón-comedor amplio, 3 cuartos de baño, terraza, zonas ajardinadas con piscina, gimnasio, squash, zona infantil y plaza de garaje incluida en el precio.CALEFACCION CENTRAL INCLUIDA EN EL PRECIO AL IGUAL QUE AGUA FRIA Y CALIENTE!Ubicación espectacular, con nuevos ministerios a 5 min. andando, metro Alonso Cano y Gregorio Marañón apenas igual a 5 min. Zona de tiendas de todo tipo, supermercados, restauración, ocio y cultura.DISPONIBLE A PARTIR DEL 15 DE NOVIEMBRE. SE REQUERIRÁ DOCUMENTACIÓN DE SOLVENCIA. MES ENTRANTE, 2 MESES DE FIANZA + MES DE AGENCIA.SOLICITANOS UNA VISITA LO ANTES POSIBLE!EN GINMO ENCONTRAMOS TU VIVIENDA IDEAL!
",3 baños,Cocina equipada y casa sin amueblar,Calefacción central,Plaza de garaje incluida en el precio
8,99515752,"
Piso en Berruguete, Madrid
",900€/mes,2 hab.,45 m²,,"
Ideal para estudiantes. Vivienda2 alquila coqueto apartamento de deos dormitorios, en el madrileño Barrio de Tetuán muy cerca de Bravo Murillo. Tiene un diseño precioso decorado por una decoradora de prestigio. Tiene un preciosa sala común de aproximadamente 60m2 en la cual se puede utilizar como zona de estar. Dispone todo lo necesario para vivir, dos dormitorios con dos camas de 90, y un salón con cocina americana, equipada con todos los electrodomésticos. Excelente ambiente vecinal. Muy bien ubicado a tan solo 8 minutos andando del metro de Tetuán y a 7 minutos andando del metro de Estrecho. Se alquila totalmente amueblado y con cocina equipada. Bomba de frio y calor, muy bien aislado con ventanas nuevas. Condiciones: 1 mes de fianza+ honorarios de agencia.
",1 baño,Amueblado y cocina equipada,Calefacción individual,
9,98896665,"
Piso en calle Mirabel, Águilas, Madrid
",750€/mes,3 hab.,69 m²,Bajo exterior con ascensor,"
POR FAVOR ROGAMOS LEAIS EL ANUNCIO COMPLETO. GRACIAS.SIN COMISIÓN DE AGENCIAINMUEBLE SIN AMUEBLAR. SIN NEVERA, SIN LAVADORA Y SIN MICROONDAS. Piso en Madrid. Dispone de una superficie de 69 m² distribuidos en salón-comedor muy luminoso, 3 habitaciones, cocina y 1 baño. Dispone de suelos de parquet. Finca con ascensor. Situado en una zona cerca de servicios, comercios, de un centro deportivo, de centros educativos, de paradas de autobús y de la parada de tren Las Águilas. Con fácil acceso a la A-5.REQUISITOS:REQUISITOS:1 MES DE FIANZA + 2 MESES DE GARANTÍA + MES CORRIENTE. -Solvencia económica mínima de 2.500€. -1 contrato laboral indefinido mínimo-Presentación póliza de seguro hogar (responsabilidad civil y contenido). -Se admiten mascotas.
",1 baño,Cocina sin equipar y casa sin amueblar,No dispone de calefacción,
10,99515850,"
Piso en Palacio, Madrid
",3.500€/mes,5 hab.,186 m²,Planta 2ª exterior con ascensor,"
Vivienda 2 alquila precioso inmueble, en una de las zonas más demandadas de Madrid. La vivienda está ubicada en un magnífico edificio del representativo y señorial del barrio de Palacio, en el distrito de Centro, en plena cuesta de Santo de Domingo. La zona destaca por la gran oferta comercial y por la multitud de animados bares y pequeños restaurantes de los alrededores, así como su oferta cultural. Con buena orientación, la vivienda, mide 186 m2, según catastro. Se entrega recién pintado, con acabados de primera calidad y detalles decorativos que le dan un carácter especial. Quien entre estrenará la vivienda. La carpintería es de pvc climalit, con grandes ventanas con rotura de puente térmico. Su gran tamaño facilita una muy buena ventilación. En esta vivienda se aprovecha al máximo el espacio y llama la atención la amplitud del salón magnánimo y con luz ideal para hacer ocio. Tiene cinco dormitorios, 2 baños y un aseo. La cocina es independiente, está totalmente equipada con lavadora, cocina a gas, campana extractora, horno y gran frigorífico. Cabe mencionar que la finca data del año 1900, y ha sido rehabilitada, todas sus zonas comunes se encuentran en perfecto estado. Con portal representativo, portero automático. Muy próximo, solo a pasos de la plaza Isabel II, la plaza de oriente, Palacio Real, y la nueva rehabilitación urbana con jardines y espacio de socialización como es la calle Bailen. Cercano a la vivienda tenemos una joya arquitectónica de la ciudad como es el teatro del Real. Muy bien comunicado, a 5 minutos del metro de Santo Domingo (L2), además de las líneas de autobús; 146. Condiciones de pago: fianza + mes en curso + garantías.
",3 baños,Amueblado y cocina equipada,Calefacción individual,Plaza de garaje incluida en el precio
11,99460962,"
Piso en calle de José Tamayo, 21, Ensanche de Vallecas - La Gavia, Madrid
",950€/mes,2 hab.,125 m²,Planta 4ª exterior con ascensor,"
Alquila Mejor pone a su disposición este precioso piso exterior de 75 m2 y de 2 dormitorios de obra nueva en el Ensanche de Vallecas, con garaje, trastero y piscinaSalón independiente de 17 m2, 2 dormitorios, el principal en suite con vestidor y balcón; y 1 dormitorio sencillo y el 2º baño.Salón independiente de 17 m2 con terraza.Cocina amplia equipada con electrodomésticos y terraza con tendedero. Encimera de silestone.La vivienda se alquila sin amueblar.Armarios empotrados (1 en la entrada) forrados con muy buena capacidad y en los dormitorios.Carpintería exterior con rotura de puente térmico, con doble acristalamiento del tipo climalit. Carpintería interior lacada en blanco. Suelo de tarima. Termostato de calefacción. Aire acondicionado (bomba frio/calor). 1 plazas de garaje. Ubicado en la C/ José Tamayo, en urbanización cerrada dotada de zonas infantiles, sala multiuso, piscina, zonas ajardinadas y conserje.Al lado de la M45, y del metro L 1, al unos minutos del centro comercial La Gavia.Con Alquila Mejor tiene total seguridad en alquiler y estará tranquilo en todo momento debido a su compromiso total.
",2 baños,Cocina equipada y casa sin amueblar,Calefacción individual: Gas natural,Plaza de garaje incluida en el precio
12,98143802,"
Piso en SANTA ENGRACIA, Nuevos Ministerios-Ríos Rosas, Madrid
",2.500€/mes,3 hab.,155 m²,Bajo exterior con ascensor,"
Se alquila gran vivienda en un edificio señorial de la calle Santa Engracia, a pocos metros de Rios Rosas y de Jose Abascal. Se distribuye en un gran salón con balcones a la calle Santa Engracia, cocina semiabierta y 3 grandes habitaciones con 2 baños (el principal en suite)Las habitaciones son interiores.Portero físico de lunes a sábado.Ideal como oficina o vivienda.El piso se alquila vacío excepto la cocina que dispone de electrodomésticos.Hablamos frances e inglesSe pide solvencia económica.Se cobran honorarios de agencia.Dejen su movil o envienme whatsapp al 607466471 (Sandra).
",2 baños,Cocina equipada y casa sin amueblar,Calefacción individual,
13,99351484,"
Piso en calle de los Hermanos Gómez, 18, Ventas, Madrid
",1.350€/mes,3 hab.,104 m²,Planta 3ª exterior con ascensor,"
Alquila Mejor ofrece piso 3º exterior de 104 m2 con ascensor, compuesto por tres dormitorios (el dormitorio principal con terraza), salón comedor de 26 m2, cocina con terraza cubierta, y un baño y un aseo. La terraza de la cocina sirve de tendedero cubierto, está equipada con todos los electrodomésticos: frigorifico/congelador, horno, vitrocerámica, campana estractora, lavadora, lavaplatos y micro hondas. Carpintería interior en madera y carpintería exterior en aluminioLa calefacción es central, de consumo individual. A pocos metros de la calle Alcalá, tiene cerca todo lo necesario (Hospital, colegios, polideportivo, centro comercial, supermercados, farmacias, bancos, iglesia, tiendas varias, restaurantes) por ser un barrio bien consolidado.Muy cerca de la boca de metro Quintana (L5) y varias líneas de autobuses.Con Alquila Mejor tiene total seguridad en alquiler y estará tranquilo en todo momento debido a su compromiso total.
",2 baños,Amueblado y cocina equipada,Calefacción individual,
14,99515119,"
Piso en calle Puerto de Cardoso, Palomeras Bajas, Madrid
",730€/mes,3 hab.,65 m²,,"
Magnífico piso de 65m2. Consta de 3 dormitorios, salón con acceso a terraza acristalada, cocina amueblada y equipada con tendedero, 1 baño completo, armarios empotrados, aire acondicionado y calefacción individual de Gas Natural. El inmueble se entrega recién pintado, es exterior y sin amueblar. Gastos de comunidad incluidos en el precio.Cercano a todo tipo de comercios y servicios. Junto a farmacia y supermercado. Metro mas cercano ""Buenos Aires"" (L1). Línea autobuses EMT: 10 y 136. Animales a consultar.
",1 baño,Amueblado y cocina equipada,,
15,99485115,"
Piso en calle de Donoso Cortés, Arapiles, Madrid
",1.750€/mes,3 hab.,78 m²,Planta 6ª exterior con ascensor,"
Yes Home ofrece en Alquiler fantástico Piso en el cotizado Barrio de Chamberí de Madrid.El inmueble de 78m² se encuentra ubicado en una 6ª Planta con ascensor, con techos altos, paredes lisas, excelente distribución y cuenta con: • Amplia Habitación principal con armario empotrado nuevo y ventanas,• Baño completo de gran dimensión con bañera,• 2 Dormitorios adicionales con armarios empotrados y ventanas.• Baño completo con Plato de ducha,• Cocina independiente completamente equipada con electrodomésticos nuevos (nevera, lavadora, microondas, horno, vitrocerámica y lavavajillas),• Salón/Comedor muy luminoso con excelente distribución para su disfrute y acceso hacia Balcón.Suelos de tarima flotante, ventanas dobles en todas las estancias, Calefacción individual y Aire Acondicionado en Todas las Estancias.. . Sin duda un espacio que invita a disfrutar de reuniones amenas en compañía de familia y amigos.¡Listo para entrar a vivir! Dentro de un Portal con Ascensor y Rampas de acceso para personas con movilidad reducida.La ubicación es excepcional pues cuenta con toda la oferta comercial y culinaria de la zona, hospitales (Universitario HM Madrid), del Corte Inglés Outlet y de la Calle de Fuencarral, todos a menos de 8 min a pie. A sólo 4 minutos andando de la Estación de Metro Canal (Líneas 2 y 7), a 6 minutos del metro de Iglesias (Línea 1) y la amplia oferta de buses EMT. Se alquila por larga estancia. Disponibilidad inmediata.Condiciones: 1 mes de Fianza + 1 mes de Garantía Adicional (a Convenir) + 1 mes de Agencia (+ I. V. A. ).CONTÁCTANOS PARA MÁS INFORMACIÓN.
",2 baños,Cocina equipada y casa sin amueblar,Calefacción individual: Gas natural,
16,89971965,"
Casa de pueblo en plaza del Alamillo, 5, Fresnedillas de la Oliva
",650€/mes,3 hab.,90 m²,,"
Se alquila ático en fresnedillas, 3 habitaciones, 2 baños salón, cocina y terraza de 3o m. Amueblado. 650€ al mes. se necesita contrato indefinido de trabajo o aval. Mínimo un año.
",1 baño,Amueblado y cocina equipada,,
17,97909300,"
Piso en avenida de Pío XII, Nueva España, Madrid
",3.300€/mes,4 hab.,211 m²,Planta 4ª exterior con ascensor,"
YesHome ofrece en alquiler impresionante Piso con Terraza en la Avenida de Pío XII de Nueva España, Chamartín, Madrid.La vivienda de 211m² cuenta con una estupenda distribución:• Amplio Salón / Comedor con grandes ventanales que invitan al acceso de la impresionante terraza.• Cocina independiente totalmente equipada con todos los electrodomésticos (Recientemente reformada).• 4 Habitaciones con armarios empotrados y ventanas al exterior.• 3 Baños completos, uno con plato de ducha y otro con bañera.La propiedad se encuentra en buen estado y sin amueblar, posee ventanas dobles tipo climalit en todas las estancias, suelo de Parquet, calefacción individual y puesto de estacionamiento incluido en el precio.Conjunto Residencial Exclusivo. Ideal para Familias.La finca es excepcional, en una zona residencial exclusiva y tranquila, con ascensor, vigilancia 24x7, Área de Juegos para niños, Salón de Fiestas, Piscina, Parque, Caminerías y Rampas de acceso con movilidad reducida, además ubicada muy cerca de Colegios, gimnasios, hospitales y supermercados, además de toda la oferta comercial y culinaria de la zona. A escasos 5 min. andando de la estación de Metro Duque de Pastrana (Línea 9) y paradas de buses EMT (29, 70, 107, 129 y N1).Disponibilidad Inmediata, se pide solvencia laboral demostrable y que el contrato de alquiler sea por larga estancia.Condiciones: 1 mes de Fianza + 1 mes de Agencia (+ I. V. A. ).CONTÁCTANOS PARA MÁS INFORMACIÓN.
",3 baños,Cocina equipada y casa sin amueblar,Calefacción individual,Plaza de garaje incluida en el precio
18,91820031,"
Dúplex en calle Principe, 19, Huertas-Cortes, Madrid
",950€/mes,1 hab.,47 m²,Planta 5ª exterior con ascensor,"
DÚPLEX ABUHARDILLADO AL LADO DE LA PLAZA SANTA ANA DISPONIBLE DE INMEDIATO PARA CONTRATOS TEMPORALES. PARA COORDINAR VISITAS LLAMAR AL 665620410 - RAISA E.Magnífico inmueble ubicado a dos minutos de Plaza Santa Ana para una estancia placentera en pleno centro de Madrid.El espacioEl apartamento consta de una habitación en el mezanine con aire acondicionado, un baño completo, cocina, lavadora, salón con sofá cama doble y aire acondicionado, calefacción y agua caliente.Posee una mesa plegable con cuatro sillas para comer cómodamente. El sofá cama ubicado en el salón es doble y bastante cómodo.El piso se encuentra en un quinto piso con ascensor, por lo que es una opción bastante cómoda si tiene que trasladar equipaje.UbicaciónMadrid, Comunidad de Madrid, EspañaEl apartamento se encuentra situado en una zona inmejorable.A dos minutos andando de la Plaza Santa Ana, donde disponen de una oferta gastronómica bastante amplia al igual que muchos sitios de copas. 4 minutos andando de la Puerta de SOL, a 5 minutos de la Plaza de las Cortes, así como a menos de 10 minutos de los Museos (Prado y Thyseen-Bornemisza).A 1000 metros del Parque El Retiro.Cómo desplazarseCuenta con muchas conexiones de transporte desde y hacia el aeropuerto, ya que el metro Sevilla, Antón Martín y la estación de SOL están a 4 minutos andando desde el apartamento.La estación de trenes de Atocha se encuentra a 1,5 km o 15 minutos andando.Flexibilidad de contrato de alquiler para estancias hasta de máximo 12 meses, para más información contactar con: Raisa Estarita - 665620410.
",1 baño,Amueblado y cocina equipada,Calefacción individual: Bomba de frío/calor,
19,97541954,"
Casa o chalet independiente en Raya del Palancar - Guadamonte, Villanueva de la Cañada
",2.300€/mes,3 hab.,300 m²,,"
Yes Home Alquila Chalet Independiente en la Zona Residencial de La Raya del Palancar en Villanueva de la Cañada.La vivienda, además de 3 habitaciones cuenta con una amplia terraza, 2 baños completos, 1 cocina independiente con almacén y cocina americana en el semi-sótano completamente equipadas.La propiedad posee una increíble piscina y jardín con amplias zonas sociales que incluye tumbonas y mobiliario. También plaza de garaje dentro de la propiedad.La ubicación es excepcional y tranquila, rodeado de naturaleza, completamente residencial, a sólo 10 minutos del núcleo urbano, cuenta con la parada de bus (Línea 626) a menos de 30m permitiendo la fácil comunicación y transporte.Disponibilidad a partir del 10 de Septiembre de 2022 con Contrato por Larga Estancia.Condiciones: 1 mes de fianza + 1 mes de garantía adicional + 1 mes de Agencia (+ I. V. A. ).
",2 baños,Amueblado y cocina equipada,Calefacción individual: Gas natural,Plaza de garaje incluida en el precio
20,99514622,"
Piso en paseo de la Chopera, Chopera, Madrid
",895€/mes,2 hab.,60 m²,,"
Estupendo piso reformado de 60m2, distribuido en 2 dormitorios, amplio salón comedor, cocina americana completamente amueblada y equipada, 1 cuarto de baño con plato de ducha, calefacción central individual l, aire acondicionado con bomba de frío/calor, armarios, ventanas climalit, suelos de tarima, piso muy luminoso, se entrega sin amueblar. Gastos de Comunidad incluidos en precio. Finca con ascensor, ubicada a escasos metro de parque ""Madrid Río"", con todos los servicios cercanos, y excelentes zonas de recreación. El metro más cercano se encuentra a escasos minutos ""Legazpi"" L3-L6 y línea de autobús: 6-62-78-148-N14. No se aceptan animales.
",1 baño,Amueblado y cocina equipada,,
21,98749532,"
Piso en calle del Mezquite, Delicias, Madrid
",1.385€/mes,2 hab.,90 m²,Planta 1ª exterior con ascensor,"
Inmobiliaria Emmanuel 91.575. 34.91SIN COMISIÓN DE AGENCIAInmejorable situación en la mejor zona de Mendez Alvaro, a tan solo 1 minuto andando de la Avenida de Mendez Alvaro, arteria principal de la Capital. Disfrute de los privilegios de vivir en una zona residencial completamente nueva, con amplias avenidas y en el centro de la ciudad. A tan solo 8 minutos andando de la estación de Atocha, el Parque Tierno Galvan y a tan solo 15 minutos paseando del Parque del Buen Retiro o de Madrid Rio. Ubicación única para disfrutar de los mejores rincones de la capitalMultitud de servicios, comercios, restaurantes, tiendas de alimentación, etc.. . Comunique con cualquier zona de la ciudad a través del Metro (acceso a las principales lineas de metro, L1 y L6), lineas de EMT, Cercanías (Estación de Puerta de Atocha y Mendez Alvaro) o vehículo particular con acceso casi inmediato a M-30.Espectacular vivienda con excelentes calidades, dispone de amplio salón-comedor, 2 dormitorios, 2 baños completos, armarios empotrados, suelos de tarima, cocina amueblada y equipada con electrodomésticos, trastero, plaza de garaje, vigilancia 24 horas, jardín, zona infantil, piscina de invierno y verano, gimnasio, sauna y sala de eventos.Disfrute de promoción única, en un enclave inmejorable, con todas las calidades y comodidades que necesita. Pudiendo realizar la actividad física diaria necesaria en el gimnasio, en la piscina, sauna (ahorro estimado de 600€/año en gimnasio).Las fotografías de las viviendas son de una vivienda tipo, estando sujetas a disponibilidad del edificio. Las condiciones económicas para el alquiler son:- 1 mes de fianza- 2 meses de garantía adicionalNo pierda la oportunidad de disfrutar tanto de la vida como de su casa!
",2 baños,Cocina equipada y casa sin amueblar,Calefacción individual: Gas natural,Plaza de garaje incluida en el precio
22,99514451,"
Piso en calle de Pirra, Rejas, Madrid
",850€/mes,1 hab.,50 m²,,"
Apartamento de obra seminueva de 50m2 ( se entrega recién pintado), distribuido en 1 habitación con armarios empotrados, amplio salón comedor con un gran mirador, cocina estilo americana amueblada y totalmente equipada (lavadora, nevera, lavavajillas, microondas y vitrocerámica), 1 baño completo con bañera, bomba frío/calor por conducto. Piso exterior y muy luminoso, se entrega sin amueblar. Finca con ascensor, jardines, piscina, instalaciones deportivas, gimnasio y portería 24h. Plaza de garaje y trastero y gastos de comunidad incluidos en el precio de la renta. No se aceptan animales. Zona con todos los servicios junto al C. C Plenilunio. EMT 77 y N5.
",1 baño,Amueblado y cocina equipada,,Plaza de garaje incluida en el precio
23,99302223,"
Piso en calle Galeón, Alameda de Osuna, Madrid
",910€/mes,1 hab.,61 m²,Planta 4ª exterior con ascensor,"
Inmobiliaria Emmanuel 91.575. 34.91SIN COMISIÓN DE AGENCIAInmejorable situación en la mejor zona de Alameda de Osuna, a tan solo 5 minutos del Parque El Capricho y junto al Parque Juan Carlos I, parques emblemáticos de la Ciudad.Multitud de servicios, comercios, restaurantes, tiendas de alimentación, etc.. . Comunique con cualquier zona de la ciudad a través del Metro (acceso a las principales lineas de metro), lineas de EMT o vehículo particular con acceso casi inmediato a A-2 y M-40.Espectacular vivienda con excelentes calidades, dispone de amplio salón-comedor, 1 dormitorio, 1 baño completo, armarios empotrados, suelos de tarima, cocina amueblada y equipada con electrodomésticos, plaza de garaje, jardín, piscina y gimnasio.Disfrute de promoción única, en un enclave inmejorable, con todas las calidades y comodidades que necesita. Pudiendo realizar la actividad física diaria necesaria en el gimnasio (ahorro estimado de 600€/año en gimnasio).Las fotografías de las viviendas son de una vivienda tipo, estando sujetas a disponibilidad del edificio. Las condiciones económicas para el alquiler son:- 1 mes de fianza- 2 meses de garantía adicionalNo pierda la oportunidad de disfrutar tanto de la vida como de su casa!
",1 baño,Cocina equipada y casa sin amueblar,Calefacción individual: Gas natural,Plaza de garaje incluida en el precio
24,99514484,"
Piso en calle de Orense, Cuatro Caminos, Madrid
",2.400€/mes,3 hab.,159 m²,Planta 17ª exterior con ascensor,"
abbitae propiedades ofrece en alquiler espectacular piso de tres dormitorios y tres baños, con impresionantes vistas, situado en la decimo séptima planta de una finca del año 1972 con servicio de portería las 24 horas, ubicada en la mejor zona del barrio de Tetuán.Este confortable inmueble, dispone de dos dormitorios dobles y uno individual, todos con armarios empotrados con gran capacidad de almacenaje. Un baño con bañera, un baño con cabina y plato de ducha y un aseo. Toda la vivienda ha sido reformada con materiales de primeras calidades. Los suelos de la vivienda son de tarima y los baños están revestidos en gres cerámico de alta resistencia. La cocina está completamente equipada con electrodomésticos principales y armarios con gran capacidad de almacenaje. La climatización para invierno está cubierta con calefacción centralizada y para verano aire acondicionado en toda la casa por conductos. La vivienda se entrega íntegramente amueblada con mobiliario de alta gama y existe la posibilidad de alquilar plaza de garaje con acceso directo por 100 euros adicionales al mes. Disponible a partir del día 15 de noviembre.SOBRE LA ZONA:La calle Orense en la zona de AZCA está llena de vida. Bares, tiendas de todo tipo, restaurantes, El Corte Inglés, y todo lo que se pueda necesitar está alrededor de esta vivienda. Cercanías de RENFE en Nuevos Ministerios así como varias líneas de Metro conectan este barrio con el aeropuerto y toda la ciudad. Numerosos autobuses en la misma calle y la cercana Castellana recorren Madrid.
",3 baños,Amueblado y cocina equipada,Calefacción central: Gas,Plaza de garaje por 100 €/mes adicionales
25,99411126,"
Chalet adosado en calle de Ricardo de la Vega, Guindalera, Madrid
",3.300€/mes,5 hab.,280 m²,,"
¡ESPECTACULAR CHALET ADOSADO EN ALQUILER!DOS PLAZAS DE GARAJES INCLUIDASHousinGo presenta este ESPECTACULAR y AMPLIO Chalet Adosado en alquiler. Cuenta con 5 dormitorios, 5 baños, TERRAZA y un jardín de 50 m2. Reformado en el año 2000 se alquila. Ubicado en el distrito de Salamanca, en el Barrio Guindalera MUY cerca al Parque María Eva Duarte de Perón y a la parada de metro de Diego de León.  El Chalet se alquila SIN AMUEBLAR y cuenta con 4 PLANTAS. La cocina está completamente EQUIPADA. El inmueble tiene cuarto de limpieza, aseo de cortesía y estudio. Podemos encontrar ARMARIOS EMPOTRADOS en todos los dormitorios. DOS PLAZAS DE GARAJE incluidas dentro del precio del alquiler. Los gastos de comunidad e IBI también están incluidos. CLAEFACCIÓN individual y AIRE ACONDICIONADO.Se distribuye en las siguientes estancias:DOS ACCESOS AL CHALET- JARDÍN DE 50 M2- 2 PLAZAS de garajePLANTA SEMISÓTANO- 1 dormitorio- Baño- Comedor- Cocina- Cuarto de limpiezaPLANTA PRINCIPAL- Vestíbulo- Salón- Cuarto de estar- Aseo de cortesíaSEGUNDA PLANTA- 3 dormitorios- 2 bañosTERCERA PLANTA- Estudio abuhardillado- BañoConsulten las condiciones de garantía requerida. Se deberá mostrar solvencia económica.El Barrio Salamanca es uno de los 21 distritos que forman el municipio de Madrid Capital. Se caracteriza por ser uno de los barrios de mayor nivel de vida de Europa. Las grandes avenidas del siglo XIX del glamuroso Barrio de Salamanca están repletas de restaurantes de alta cocina, boutique de diseñadores, especialmente en la Milla de Oro. Cuenta con exclusivos mercados gourmet como el Mercado de la Paz o Platea, al igual que con numerosas atracciones culturales y de ocio.HousinGo, by David de Gea.Somos una agencia inmobiliaria especializada venta y alquiler de inmuebles en el Barrio Salamanca, con presencia en Chamberí, Chamartín, y otras zonas Prime de Madrid. Contamos con dos oficinas a pie de calle, una en CALLE AYALA 62 y otra en CALLE SERRANO 81. Si está interesado en alquilar, vender o comprar, puede contactarnos a través de nuestro teléfono fijo 910 053 963, enviarnos un WhatsApp a +34 722 54 49 50, o visitarnos en una de nuestras oficinas.La parte ARRENDATARIA deberá reconocer un mes de honorarios de agencia + 21% I. V. A.
",5 baños,Cocina equipada y casa sin amueblar,Calefacción individual,Plaza de garaje incluida en el precio
26,99514446,"
Piso en calle Inmaculada Concepción, Centro, Arganda
",595€/mes,1 hab.,45 m²,,"
Piso de 45m2 distribuidos en 1 habitación, salón Independiente, cocina a medida totalmente amueblada y equipada, 1 baño completo, calefacción Individual de gas natural, armarios empotrados, suelos de parquet, exterior y muy luminoso, semiAmueblado. Gastos de comunidad incluidos. Excelente ubicación, a tan solo 5 minutos de cualquier linea de autobús y metro. Animales a consultar.
",1 baño,Amueblado y cocina equipada,,Plaza de garaje incluida en el precio
27,99392664,"
Piso en calle de Claudio Coello, Recoletos, Madrid
",2.800€/mes,3 hab.,100 m²,Planta 2ª exterior con ascensor,"
¡PISO EXTERIOR CON BALCONES EN RECOLETOS!PLAZA DE GARAJE OPCIONAL POR 200€/MESHousinGo presenta este AMPLIO y espacioso piso REFORMADO en la mejor zona de Salamanca. Tiene 3 dormitorios y 2 cuartos de baño (1 en SUITE). Se encuentra ubicado en una finca CON portero físico y CON ascensor, próximo al Parque del Retiro y a la parada de Metro de Retiro. La vivienda, sin amueblar, está en la 2ª planta EXTERIOR del edificio. ORIENTACIÓN OESTE. Nivel de LUZ NATURAL ALTO. Se caracteriza por ser una vivienda con buen espacio y bonitas vistas al ser una vivienda en esquina con BALCÓN a la calle. El piso está en ÓPTIMAS CONDICIONES. Cuenta con CALEFACCIÓN individual de gasoil. Tiene AIRE ACONDICIONADO por conductos. Tiene paredes lisas y suelos de madera. Podemos encontrar ARMARIOS EMPOTRADOS en los dormitorios. Las ventanas son climalit. Se divide en las siguientes estancias:- Hall de entrada: recibidor- Salón: Comedor, EXTERIOR con vistas a la calle.- Cocina: Independiente, amueblada y equipada con ELECTRODOMÉSTICOS. Cuenta con HORNO, microondas, LAVADORA, nevera y vitrocerámica de 4 fuegos. Tiene BALCÓN interior.- Dormitorio 1: DOBLE con baño en SUITE y BALCÓN.- Dormitorio 2: DOBLE con ventana.- Dormitorio 3: tamaño sencillo con ventana.- Baño 1 EN SUITE: con pie de ducha y bidet.- Baño 2: con ducha y bidet.Consulten las condiciones de garantía requerida. Se deberá mostrar solvencia económica. El Barrio Salamanca es uno de los 21 distritos que forman el municipio de Madrid Capital. Se caracteriza por ser uno de los barrios de mayor nivel de vida de Europa. Las grandes avenidas del siglo XIX del glamuroso Barrio de Salamanca están repletas de restaurantes de alta cocina, boutique de diseñadores, especialmente en la Milla de Oro. Cuenta con exclusivos mercados gourmet como el Mercado de la Paz o Platea, al igual que con numerosas atracciones culturales y de ocio. HousinGo, by David de Gea. Somos una agencia inmobiliaria especializada venta y alquiler de inmuebles en el Barrio Salamanca, con presencia en Chamberí, Chamartín, y otras zonas Prime de Madrid. Contamos con dos oficinas a pie de calle, una en CALLE AYALA 62 y otra en CALLE SERRANO 81. Si está interesado en alquilar, vender o comprar, puede contactarnos a través de nuestro teléfono fijo 910 053 963, enviarnos un WhatsApp a +34 722 54 49 50, o visitarnos en una de nuestras oficinas.La parte ARRENDATARIA deberá reconocer un mes de honorarios de agencia + 21% I. V. A.
",2 baños,Cocina equipada y casa sin amueblar,Calefacción central: Gasoil,
28,25250003,"
Piso en calle Almagro, Almagro, Madrid
",2.750€/mes,2 hab.,125 m²,Planta 6ª exterior con ascensor,"
Extraordinario piso de lujo como nuevo en perfecto estado en el corazón de CHAMBERÍ, Almagro, en edificio exclusivo de reciente construcción! cuenta con piscina climatizada, vigilancia 24 horas, edificio dotado de gimnasio, sauna y seguridad 24 horas todos los dias. El piso tiene calidades extraordinarias, cocina totalmente equipada, sistema de domótica, dos dormitorios, muy luminoso, la distribución y diseño del piso le dá una iluminación y ambiente excepcional. Baño recién reformado. Una plaza de garaje opcional en el mismo edificio.El piso se alquila vacío con la cocina totalmente equipada...!
",2 baños,Cocina equipada y casa sin amueblar,,Plaza de garaje por 100 €/mes adicionales
29,99156536,"
Piso en calle de Argensola, Chueca-Justicia, Madrid
",2.500€/mes,2 hab.,94 m²,Planta 2ª exterior con ascensor,"
¡PISO EXTERIOR AMUEBLADO 100% A ESTRENAR EN JUSTICIA!SE ENTREGA COMPLETAMENTE AMUEBLADOHousinGo presenta este atractivo piso RECIÉN REFORMADO, con 2 dormitorios y 2 cuartos de baño y 1 aseo. Se encuentra ubicado en una finca representativa CON ascensor, próximo a la Plaza de Villa de París, a la parada de metro de Alonso Martínez y Colón.La vivienda amueblada es EXTERIOR y está en la planta sótano del edificio. ORIENTACIÓN sur. Nivel de LUZ NATURAL normal. Se caracteriza por gran espacio y reforma característica. El piso está en ÓPTIMAS CONDICIONES. Cuenta con CALEFACCIÓN por suelo radiante  AIRE ACONDICIONADO en todas las estancias. Tiene paredes lisas y suelo de madera. Podemos encontrar ARMARIOS EMPOTRADOS. Las ventanas son climalit. Se divide en las siguientes estancias: - Hall de entrada - Salón-comedor amplio con ventanas exteriores- Cocina integrada con armarios empotrados. Cuenta con lavavajillas, lavadora, horno, microondas, nevera y vitrocerámica.- Dormitorio 1 doble con BAÑO ENSUITE. Tiene ventana - Dormitorio 2 doble con BAÑO ENSUITE. Tiene ventana- Baño 1 ENSUITE, renovado con pie de ducha - Baño 2 ENSUITE, renovado con pie de ducha - Aseo de cortesíaSe deberá demostrar solvencia económica por la parte arrendataria.__El barrio de Justicia limita con el elegante bulevar de la Gran Vía y se caracteriza por los edificios neoclásicos, las boutiques de lujo y el Tribunal Supremo de España. Aquí también está la zona gay de Chueca, famosa por las originales tiendas de la calle Hortaleza y los locales nocturnos a la última. Vecinos de todas las edades se reúnen en Mercado de San Antón, que cuenta con una terraza en la azotea, y los bistrós de moda y los bares de tapas en los alrededores de la plaza de Chueca. HousinGo, by David de Gea. Somos una agencia inmobiliaria especializada venta y alquiler de inmuebles en el Barrio Salamanca, con presencia en Chamberí, Chamartín, y otras zonas Prime de Madrid. Contamos con dos oficinas a pie de calle, una en CALLE AYALA 62 y otra en CALLE SERRANO 81. Si está interesado en alquilar, vender o comprar, puede contactarnos a través de nuestro teléfono fijo 910 053 963, enviarnos un WhatsApp a +34 722 54 49 50, o visitarnos en una de nuestras oficinas.La parte ARRENDATARIA deberá reconocer un mes de honorarios de agencia + 21% I. V. A.
",3 baños,Amueblado y cocina equipada,Calefacción individual,
