,id,time,title,price,rooms,surface,floor,description,bathroom,heating,garage,furniture,location,seller,seller_name
0,99615783,21/11/2022 16:09:25,"
Chalet adosado en calle San Fernando, 16, Los Nietos, Cartagena
",440€/mes,2 hab.,120 m²,,"
Se alquila vivienda duplex para todo el año, buen estado de conservación, 2 dormitorios, 1 baño, 1 aseo, salón, cocina independiente, patio, balcón, atrio y garaje privado en semisótano. Se pide nómina + irpf ó aval por 12 meses. Luz y agua a cargo del inquilino.
",2 baños,,Plaza de garaje incluida en el precio,Amueblado y cocina equipada,"
Calle San Fernando, 16
;
Barrio Los Nietos
;
Distrito Mar de Cristal-Cabo de Palos
;
Cartagena
;
Campo de Cartagena, Murcia
","
Particular
","

Antonio Garcia

"
1,99462599,21/11/2022 16:09:26,"
Piso en Del Pino, Alcantarilla
",450€/mes,1 hab.,56 m²,Planta 1ª exterior con ascensor,"
Piso de alquiler en Alcantarilla. Con una superficie de 56 m2, distribuido en 1 dormitorio, 1 baño, salón y cocina americana.Suelos de tarima, baño completo con plato de ducha, cocina amueblada y equipada con electrodomésticos. Recién reformado.Primera planta con ascensor.Situado en zona tranquila con comercios, supermercado, bares, restaurantes, guardería, entidades bancarias, etc.Fácil acceso a carretera N-344Al precio del alquiler hay que sumarle el importe correspondiente al seguro de rentas. REQUISITOS:Aportación de la documentación necesaria para acreditar ratio de solvencia.1 mes de fianza + mes de comisión de agenciaA la firma de contrato se solicitará seguro de vivienda y seguro de rentas (3% +IVA).
",1 baño,,,Cocina equipada y casa sin amueblar,"
Del Pino
;
Alcantarilla
;
Área de Murcia, Murcia
","
Profesional
","
Global

"
2,99615618,21/11/2022 16:09:26,"
Chalet adosado en casco urbano, 1, Los Belones, Cartagena
",530€/mes,3 hab.,100 m²,,"
Vivienda en planta baja con 3 dormitorios, salón, cocina independiente, 1 baño, cochera y patio. Vecindario tranquilo, ideal para vivir todo el año. Se pide justificación de ingresos o aval. Se alquila por un mínimo de 1 año, máximo de 5.
",1 baño,No dispone de calefacción,Plaza de garaje incluida en el precio,Amueblado y cocina equipada,"
casco urbano, 1
;
Barrio Los Belones
;
Distrito Mar de Cristal-Cabo de Palos
;
Cartagena
;
Campo de Cartagena, Murcia
","
Particular
","

Antonio Garcia

"
3,99488238,21/11/2022 16:09:27,"
Piso en avenida Nueva Condomina, Churra, Murcia
",615€/mes,2 hab.,127 m²,Planta 3ª exterior con ascensor,"
PRIMER MES DE ALQUILER Y ALTA DE SUMINISTROS GRATIS ¡SIN COMISIÓN DE AGENCIA!*Al precio del alquiler hay que sumarle el importe correspondiente del seguro de rentas.Vivienda en Nueva Condomina. Tercera planta de 127 m2. Distribuido en 2 dormitorios, 2 baños, salón comedor, cocina equipada y balcón.Cocina equipada con electrodomésticos: vitrocerámica, campana, horno, frigorífico, lavadora y lavavajillas.Zona comunitaria con jardines, 2 piscinas, parque infantil, pistas de padel y tenis.-Tres primeros años bonificados de comunidad e ibi.UBICACIÓN Y ENTORNO:Zona bien comunicada, a escasos 15 minutos a pie del centro comercial Nueva Condomina, con una amplísima oferta de tiendas, supermercados y restauración. La zona está perfectamente conectada con el resto de la ciudad a través de varias líneas de autobuses (1, 21, 26, 42, 50) y de la línea 1 del tranvía. También tiene acceso directo a la autovía AP7.A tan solo 13 minutos del centro de Murcia y a 16 minutos del Hospital General Universitario.REQUISITOS:Aportación de la documentación necesaria para acreditar ratio de solvencia.1 mes de fianza.A la firma de contrato se solicitará seguro de vivienda (contenido) y seguro de rentas (3,70% = 22,75 €/mes).Altas de agua y luz por cuenta de Tempore.Ventajas de ser un inquilino Tempore:-Nuestra gran oferta se adapta a sus necesidades. Pregúntenos.-No sólo va a disfrutar de su casa, si no también de la finca en la que vive. Cuidamos nuestras Promociones.-Ante cualquier incidencia, No se encontrará solo. Cuenta con un Equipo de profesionales a su servicio y más ventajas que irá conociendo¿TODAVÍA SE LO ESTÁ PENSANDO? ÚNASE A LA FAMILIA TEMPORE.
",2 baños,Calefacción individual: Bomba de frío/calor,,Cocina equipada y casa sin amueblar,"
Avenida Nueva Condomina
;
Barrio Churra
;
Distrito Pedanías Norte
;
Murcia
;
Área de Murcia, Murcia
","
Profesional
","
TÉMPORE HOMES

"
4,99615556,21/11/2022 16:09:29,"
Casa o chalet independiente en La Hoya-Almendricos-Purias, Lorca
",600€/mes,3 hab.,100 m²,,"
¿BUSCAS CASA EN EL CAMPO?  FC INMOBILIARIA dispone de esta casa en planta baja en el campo de Purias. Está compuesta por 3 dormitorios, 2 baños, uno con pie de ducha y otro con bañera, un amplio salón comedor con chimenea y cocina americana con barra. La vivienda dispone de una distribución muy cómoda con apenas pasillo.Fuera encontramos un porche perfecto para disfrutar de la tranquilidad de la zona en la que se encuentra.  La casa está ubicada en una parcela de 5.000 metros con más de 180 olivos en producción y se encuentra completamente vallada.NO BUSQUES MÁS, llámanos para verla sin compromiso.
",2 baños,,,Amueblado y cocina equipada,"
;
Distrito La Hoya-Almendricos-Purias
;
Lorca
;
Alto Guadalentín, Murcia
","
Profesional
","
FC Inmobiliaria

"
5,99488365,21/11/2022 16:09:30,"
Piso en avenida Nueva Condomina, Churra, Murcia
",510€/mes,1 hab.,70 m²,Planta 6ª exterior con ascensor,"
PRIMER MES DE ALQUILER Y ALTA DE SUMINISTROS GRATIS ¡SIN COMISIÓN DE AGENCIA! *Al precio del alquiler hay que sumarle el importe correspondiente al seguro de rentas.Vivienda en Nueva Condomina. Sexta planta de 70 m2. Distribuido en 1 dormitorio, 1 baño, salón comedor, cocina equipada y balcón.-Entregamos la vivienda en perfecto estado: pintada, adecuada e higienizada. -Cocina equipada con electrodomésticos: frigorífico, lavadora y lavavajillas.-Zona comunitaria con jardines, 2 piscinas, parque infantil, pistas de padel y tenis.-Tres primeros años bonificados de comunidad e ibi.UBICACIÓN Y ENTORNO:Zona bien comunicada, a escasos 15 minutos a pie del centro comercial Nueva Condomina, con una amplísima oferta de tiendas, supermercados y restauración. La zona está perfectamente conectada con el resto de la ciudad a través de varias líneas de autobuses (1, 21, 26, 42, 50) y de la línea 1 del tranvía. También tiene acceso directo a la autovía AP7.A tan solo 13 minutos del centro de Murcia y a 16 minutos del Hospital General Universitario.REQUISITOS:Aportación de la documentación necesaria para acreditar ratio de solvencia.1 mes de fianza.A la firma de contrato se solicitará seguro de vivienda (contenido) y seguro de rentas (3,70 % = 18,87 €/mes).Alta de suministros por cuenta de TemporeVentajas de ser un inquilino Tempore:-Nuestra gran oferta se adapta a sus necesidades. Pregúntenos.-No sólo va a disfrutar de su casa, sino también de la finca en la que vive. Cuidamos nuestras Promociones.-Ante cualquier incidencia, No se encontrará solo. Cuenta con un Equipo de profesionales a su servicio y más ventajas que irá conociendo¿TODAVÍA SE LO ESTÁ PENSANDO? ÚNASE A LA FAMILIA TEMPORE.
",1 baño,Calefacción individual: Bomba de frío/calor,,Cocina equipada y casa sin amueblar,"
Avenida Nueva Condomina
;
Barrio Churra
;
Distrito Pedanías Norte
;
Murcia
;
Área de Murcia, Murcia
","
Profesional
","
TÉMPORE HOMES

"
6,89448406,21/11/2022 16:09:31,"
Piso en avenida Reino de Valencia, Zarandona, Murcia
",750€/mes,3 hab.,100 m²,Planta 3ª exterior con ascensor,"
Alquiler piso seminuevo en Avda Reino de Valencia, junto a la Flota, con una superficie de 100m2, distribuidos en 3 dormitorios, 2 baños, salón haciendo esquina, con grandes ventanales, cocina independiente con galería.Split de aire acondicionado en salón, amueblado, Plaza de garaje y trastero. Disponible 1 de diciembre.
",2 baños,Calefacción individual,Plaza de garaje incluida en el precio,Amueblado y cocina equipada,"
Avenida Reino de Valencia
;
Urb. Avda Reino de Valencia
;
Barrio Zarandona
;
Distrito Pedanías Este
;
Murcia
;
Área de Murcia, Murcia
","
Profesional
","
Carmen Salmerón

"
7,94123929,21/11/2022 16:09:32,"
Ático en calle españa, s/n, Santa María de Gracia, Murcia
",540€/mes,1 hab.,65 m²,Planta 2ª exterior sin ascensor,"
. CONTRATO DE UN AÑO. Se pide solvencia económica persona tranquila, respetuosa y limpia. GRACIAS. Se alquila bonito apartamento en la segunda planta y ATICO con terraza, no tiene ascensor conectado ya que son dos plantas y pocos vecinos, junto a Juan Carlos I, . todos los servicios pegados, farmacia, centro de ocio, se requiere gente seria también vale estudiante, mòvil 722101339. fianza dos meses y gestión inmobiliaria, pie de ducha nuevo, frigo nuevo y muebles blancos, sofa nuevo.
",1 baño,Calefacción individual: Eléctrica,,Amueblado y cocina equipada,"
Calle españa s/n
;
Barrio Santa María de Gracia
;
Distrito Norte
;
Murcia
;
Área de Murcia, Murcia
","
Profesional
","
Murciajoven.es

"
8,93829025,21/11/2022 16:09:34,"
Piso en Montegrande, 1, Torreagüera, Murcia
",500€/mes,2 hab.,80 m²,Bajo exterior con ascensor,"
Fantástico piso en Torreagüera, Urbanización Montegrande. Consta de dos dormitorios, amplio salón, baño, cocina independiente, patio, plaza de garaje y trastero, gastos de comunidad incluidos en el precio. Totalmente amueblado con electrodomésticos y Aire acondicionado. Cuenta con todos los servicios a 100m: supermercados, colegios, guardería, instituto, parada de bus, etc. Larga estancia, imprescindible contrato de trabajo fijo, solo personas solventes. Torregüera-Beniajan- Montegrade. Para entrar a partir del día 1-12-2022.
",1 baño,Calefacción central,Plaza de garaje incluida en el precio,Amueblado y cocina equipada,"
Montegrande, 1
;
Urb. Montegrande
;
Barrio Torreagüera
;
Distrito Pedanías Este
;
Murcia
;
Área de Murcia, Murcia
","
Particular
","

Jose

"
9,98003703,21/11/2022 16:09:35,"
Piso en calle estacion, Centro, Molina de Segura
",475€/mes,3 hab.,89 m²,Planta 5ª exterior con ascensor,"
PROMOCIÓN NOVIEMBRE: 1 MES DE ALQUILER GRATIS si reservas antes del 30 de Noviembre. Y además, ¡sin comisiones de agencia!Excelente oportunidad para vivir en pleno centro. Ubicado en el municipio de Molina de Segura, provincia de Murcia.Piso muy luminoso en la quinta planta de un edificio de ocho plantas sobre rasante, con ascensor. Superficie construida de 89 m² aproximadamente, con una bonita distribución, consta de: tres dormitorios, un baño, salón - comedor, cocina, lavadero y terraza con preciosas vistas al parque de la Compañía.Zona consolidada con todo tipo de servicios y comercios. Colegios, museo, plazas y zonas verdes (Parque de la Compañía). Buena comunicación con autobuses lineas 41, 51 y 79. Fácil acceso a la urbanización a través de la N-301 y N-344. *Promoción válida para contratos firmados antes de 30 de Noviembre del 2022 (incluido). Esta promoción no es acumulable. Condiciones válidas para inmuebles identificados en webs y portales con detalle promocional de campaña identificado en descriptivo del anuncio.
",1 baño,,,,"
Calle estacion
;
Barrio Centro
;
Distrito Molina de Segura
;
Molina de Segura
;
Vega Media, Murcia
","
Profesional
","
Haya - Alquila tu hogar

"
10,99614413,21/11/2022 16:09:37,"
Piso en avenida Don Juan de Borbón, 100, Zona Juan de Borbón, Murcia
",725€/mes,2 hab.,65 m²,Planta 5ª exterior con ascensor,"
¡OPORTUNIDAD! Precioso apartamento con PISCINA, trastero y plaza de garaje muy amplia (cabe coche y moto). Frente al TRANVÍA.Dispone de 2 dormitorios, un baño completo, salón comedor y cocina americana equipada.Cuenta con aire acondicionado centralizado frío/calor, suelo en tarima, armarios empotrados, videoportero y puerta de seguridad.Excelente ubicación su cercanía a la parada del Tranvía y sus conexiones por carreteras y autovías.Vecindario muy tranquilo.
",1 baño,Calefacción central,Plaza de garaje incluida en el precio,Amueblado y cocina equipada,"
Avenida Don Juan de Borbón, 100
;
Urb. Rosalía de Castro
;
Barrio Zona Juan de Borbón
;
Distrito Norte
;
Murcia
;
Área de Murcia, Murcia
","
Profesional
","
Inmobiliaria Espinardo

"
11,98403799,21/11/2022 16:09:38,"
Piso en ronda Del Golf, Corvera, Murcia
",540€/mes,3 hab.,88 m²,Planta 1ª con ascensor,"
PROMOCIÓN NOVIEMBRE: 1 MES DE ALQUILER GRATIS si reservas antes del 30 de Noviembre. Y además, ¡sin comisiones de agencia!Excelente piso de tres dormitorios y dos baño y amplio balcón. Se encuentra en la planta primera de un edificio residencial de tres plantas sobre rasante. Dispone de ascensor. Situado en el municipio de Murcia.La vivienda se distribuye en tres dormitorios con armarios empotrados, amplio salón-comedor, cocina, dos cuartos de baños y un amplio balcón. La superficie construida de la vivienda es de 88,46 m² aproximadamente.Cuenta con cocina equipada (excepto la nevera) con muebles altos y bajos, vitrocerámica y campana extractora.En su entorno existen viviendas plurifamiliares de similares características. La zona cuenta con todo tipo de servicios básicos, tales como, sanitarios, educativos, restaurantes, supermercados, comercios, amplias zonas verdes, etc.Además el municipio dispone de todo tipo de transporte público como autobuses, cercanías, estación de tren, ferrocarril aeropuerto, etc.Dispone de buenas conexiones con todo tipo de carreteras, nacional (N-301a, N-340a y N-344), comarcal, local, autovías y autopista (A-30, A-7 MU-30).*Promoción válida para contratos firmados antes de 30 de Noviembre del 2022 (incluido). Esta promoción no es acumulable. Condiciones válidas para inmuebles identificados en webs y portales con detalle promocional de campaña identificado en descriptivo del anuncio.
",2 baños,,,,"
Ronda Del Golf
;
Barrio Corvera
;
Distrito Campo de Murcia
;
Murcia
;
Área de Murcia, Murcia
","
Profesional
","
Haya - Alquila tu hogar

"
12,89851110,21/11/2022 16:09:39,"
Piso en calle Alonso de Ojeda, La Flota, Murcia
",600€/mes,1 hab.,45 m²,Planta 1ª exterior con ascensor,"
Se alquila este bonito y luminoso apartamento en La Flota, en la Calle Alonso de Ojeda, en la planta 1, con ascensor. Es un piso que tiene 45 m2 y dispone de salón luminoso junto a la cocina, aunque un poco separada, 1 habitación también luminosa y 1 baño completo con bañera. El piso se entregara amueblado y con la cocina equipada. Además dispone de armarios empotrados, cocina equipada, aire acondicionado frio/calor, trastero y plaza de garaje incluida en el precio. Piso DISPONIBLE MEDIADOS ENERO.Precio: 600€ con los gastos de luz y agua aparte.Inmobiliaria Promurcia.
",1 baño,No dispone de calefacción,Plaza de garaje incluida en el precio,Amueblado y cocina equipada,"
Calle Alonso de Ojeda
;
Barrio La Flota
;
Distrito Norte
;
Murcia
;
Área de Murcia, Murcia
","
Profesional
","
Promurcia

"
13,97862910,21/11/2022 16:09:40,"
Piso en calle Don Juan de Borbón, San Antonio-San José-Los Ángeles, Molina de Segura
",510€/mes,3 hab.,95 m²,Planta 3ª exterior con ascensor,"
PROMOCIÓN NOVIEMBRE: 1 MES DE ALQUILER GRATIS si reservas antes del 30 de Noviembre. Y además, ¡sin comisiones de agencia!Excelente piso de tres dormitorios y un baño. Se encuentra en la planta tercera de un edificio residencial de siete plantas sobre rasante. Con ascensor. Situado en el municipio de Molina de Segura.La vivienda se distribuye en tres dormitorios (uno de ellos con armario empotrado), amplio salón-comedor, cocina independiente, un cuarto de baño. lavadero y terraza. La superficie construida de la vivienda es de 95 m² aproximadamente.Cuenta con cocina semi-equipada con muebles altos y bajos, vitrocerámica, campana extractora y horno. Dispone de suelos cerámicos en todas las estancias.En su entorno existen viviendas plurifamiliares de similares características. La zona cuenta con todo tipo de servicios básicos, tales como, sanitarios, educativos, restaurantes, supermercados, comercios, amplias zonas verdes, etc.Además el municipio dispone de todo tipo de transporte público y de de buenas conexiones con todo tipo de carreteras, nacional, comarcal, local, autovías y autopista.*Promoción válida para contratos firmados antes de 30 de Noviembre del 2022 (incluido). Esta promoción no es acumulable. Condiciones válidas para inmuebles identificados en webs y portales con detalle promocional de campaña identificado en descriptivo del anuncio.
",1 baño,,,,"
Calle Don Juan de Borbón
;
Barrio San Antonio-San José-Los Ángeles
;
Distrito Molina de Segura
;
Molina de Segura
;
Vega Media, Murcia
","
Profesional
","
Haya - Alquila tu hogar

"
14,85427123,21/11/2022 16:09:41,"
Piso en avenida Francisco Jiménez Ruiz, Zona Juan Carlos I, Murcia
",800€/mes,2 hab.,80 m²,Planta 1ª exterior con ascensor,"
Se alquila precioso y amplio piso en Juan Carlos I. Se trata de una vivienda de dos dormitorios grandes, ambos con armarios empotrados, dos cuartos de baño completos, salón comedor con pequeña terraza, cocina independiente, totalmente equipada y con lavadero, y estupendo recibidor. La vivienda se encuentra en la mejor zona de Murcia, rodeada de parues, a escasos metros de la parada del tranvía y con todos los servicios necesarios alrededor. Además, la vivienda está recién pintada, tiene paredes lisas, suelo de mármol, aire acondicionado centralizado, ventanas de PVC, es todo exterior, muy luminoso y súper tranquilo. EL PRECIO INCLUYE DOS PLAZAS DE GARAJE Y UN AMPLIO TRASTERO. La vivienda se encuentra totalmente amueblada, aunque en las fotos aparezca semi.   DISPONOBLE A PARTIR DE DICIEMBRE PERO SE PUEDE VER Y RESERVAR.
",2 baños,Calefacción central,Plaza de garaje incluida en el precio,Amueblado y cocina equipada,"
Avenida Francisco Jiménez Ruiz
;
Barrio Zona Juan Carlos I
;
Distrito Norte
;
Murcia
;
Área de Murcia, Murcia
","
Profesional
","
Proventa

"
15,91311186,21/11/2022 16:09:43,"
Piso en calle Jara Carrillo, La Alberca, Murcia
",500€/mes,2 hab.,85 m²,Planta 2ª exterior sin ascensor,"
Piso equipado completo, cocina con electrodomésticos, los gastos de comunidad, agua y parking incluidos, todo exterior.
",1 baño,,Plaza de garaje incluida en el precio,Amueblado y cocina equipada,"
Calle Jara Carrillo
;
Barrio La Alberca
;
Distrito Pedanías Este
;
Murcia
;
Área de Murcia, Murcia
","
Profesional
","
opau

"
16,99613951,21/11/2022 16:09:44,"
Piso en avenida de Zarandona, Zarandona, Murcia
",650€/mes,3 hab.,110 m²,Planta 1ª exterior con ascensor,"
¡OPORTUNIDAD! Piso amplio y luminoso con balcón junto a zona Juan de Borbón, a 10 minutos a pie de parada TRANVÍA de Abenarabí. Dispone de 3 dormitorios, dos baños, amplio salón comedor con salida a balcón orientado a Levante, cocina independiente totalmente equipada con lavadero anexo, despensa y trastero.Cuenta con aire acondicionado, armarios empotrados, ascensor. Todos los servicios cerca (supermercados, farmacias, colegios, restaurantes.. . )Libre 30 noviembre.
",2 baños,Calefacción individual,,Amueblado y cocina equipada,"
Avenida de Zarandona
;
Barrio Zarandona
;
Distrito Pedanías Este
;
Murcia
;
Área de Murcia, Murcia
","
Profesional
","
Inmobiliaria Espinardo

"
17,97340302,21/11/2022 16:09:45,"
Piso en ronda Sur, Ronda Sur, Murcia
",460€/mes,1 hab.,45 m²,Planta 6ª exterior con ascensor,"
Apartamento equipado completo, cocina con electrodomésticos, gastos de comunidad y parking incluidos, aire acondicionado, todo exterior.
",1 baño,,Plaza de garaje incluida en el precio,Amueblado y cocina equipada,"
Ronda Sur
;
Barrio Ronda Sur
;
Distrito Sur
;
Murcia
;
Área de Murcia, Murcia
","
Profesional
","
opau

"
18,99613726,21/11/2022 16:09:46,"
Piso en travesía DE TEJERAS, Urbanización San Isidro, Ocaña
",650€/mes,3 hab.,75 m²,Bajo exterior sin ascensor,"
SE ALQUILA PISO EN OCAÑA, distribuido en tres habitaciones con armarios empotrados, terraza, un baño, salon comedor, piso amueblado, cocina amueblada y equipada, calefaccion individual electrica tambien dispone de dos terrazas, una planta baja, sin ascensor, cerca de autobuses y comercios, INFORMATE EN EL TELEFONO DE CONTACTO 623260472 O TAMBIEN 616765411 TAMBIEN WASSAP.
",1 baño,Calefacción individual: Eléctrica,,Amueblado y cocina equipada,"
Travesía DE TEJERAS
;
Distrito Urbanización San Isidro
;
Ocaña
;
La Mesa de Ocaña, Toledo
","
Profesional
","
IJ .inmobiliaria

"
19,86123734,21/11/2022 16:09:47,"
Piso en calle Rambla, Santa Eulalia, Murcia
",750€/mes,3 hab.,95 m²,Planta 2ª exterior con ascensor,"
Piso equipado completo, cocina con electrodomésticos, gastos de comunidad, agua y basura incluidos en el precio, galería, todo exterior.
",2 baños,,,Amueblado y cocina equipada,"
Calle Rambla
;
Barrio Santa Eulalia
;
Distrito Centro
;
Murcia
;
Área de Murcia, Murcia
","
Profesional
","
opau

"
20,27832727,21/11/2022 16:09:49,"
Piso en calle Veronicas, 1, San Pedro, Murcia
",850€/mes,3 hab.,100 m²,Planta 3ª exterior con ascensor,"
Vivienda en magnífico estado. 3 dormitorios, principal tipo suite. salón muy amplio al que se le dió una gran terraza. Perfecto estado de conservación, no se ha alquilado nunca, muebles de gran calidad, aire acondicionado confort zone, suelo de marmol. Vivienda en magnífico estado.
",2 baños,,,Amueblado y cocina equipada,"
Calle Veronicas, 1
;
Barrio San Pedro
;
Distrito Centro
;
Murcia
;
Área de Murcia, Murcia
","
Profesional
","
Ventas

"
21,99128464,21/11/2022 16:09:51,"
Piso en calle San Benito, San Nicolás, Murcia
",550€/mes,1 hab.,65 m²,Planta 1ª exterior con ascensor,"
Apartamento equipado completo, cocina con electrodomésticos, gastos de comunidad y agua incluidos, patio, todo exterior.
",1 baño,,,Amueblado y cocina equipada,"
Calle San Benito
;
Barrio San Nicolás
;
Distrito Centro
;
Murcia
;
Área de Murcia, Murcia
","
Profesional
","
opau

"
22,99611163,21/11/2022 16:09:52,"
Piso en San Juan, Murcia
",1.100€/mes,4 hab.,197 m²,Planta 1ª exterior con ascensor,"
¿Sueña con vivir junto a la CATEDRAL de Murcia, en una amplísima vivienda Si su respuesta es SI, deje que le presentemos su nuevo HOGAR: Una magnífica vivienda de 197 m2 construidos, con estancias muy amplias que incluyen lavadero, gran patio de unos 30 m2, despensa.. .Piso de cuatro dormitorios dos baños completos, uno con bañera y otro con pies de duchas, la vivienda tiene muchos armarios empotrados por toda la vivienda. La cocina se encuentra amueblada sin electrodomésticos, pero la propiedad los pondría si es para larga estancia. La vivienda no tiene garaje.Se encuentra en un edificio señorial, con bonito zaguán y totalmente adaptado. Tiene unas vistas impresionantes a la catedral.
",2 baños,Calefacción central,Plaza de garaje incluida en el precio,Cocina equipada y casa sin amueblar,"
;
Barrio San Juan
;
Distrito Centro
;
Murcia
;
Área de Murcia, Murcia
","
Profesional
","
Abad Grupo Inmobiliario

"
23,98964454,21/11/2022 16:09:53,"
Piso en calle Párroco José María Belando, Zona Juan de Borbón, Murcia
",700€/mes,2 hab.,80 m²,Planta 1ª exterior con ascensor,"
Piso equipado completo, cocina con electrodomésticos, gastos de comunidad, parking y trastero incluidos, aire acondicionado y todo exterior.
",2 baños,,Plaza de garaje incluida en el precio,Amueblado y cocina equipada,"
Calle Párroco José María Belando
;
Barrio Zona Juan de Borbón
;
Distrito Norte
;
Murcia
;
Área de Murcia, Murcia
","
Profesional
","
opau

"
24,94037093,21/11/2022 16:09:54,"
Casa o chalet independiente en Puerto Lumbreras
",600€/mes,4 hab.,160 m²,,"
Chalet de alquiler en Campillo a 7 kilómetros de Lorca y a 4 del centro comercial parque Almenara. La casa se alquila sin amueblar, solo dispone de los muebles de cocina y electrodomésticos, se encuentra parcialmente vallada, posibilidad de alquiler a largo plazo, zona super tranquila para vivir. La casa dispone de cuatro dormitorios, dos baños, salón comedor y cocina con galería. Imprescindible contrato de trabajo y nómina. Se admiten mascotas.
",2 baños,,,Cocina equipada y casa sin amueblar,"
;
Puerto Lumbreras
;
Alto Guadalentín, Murcia
","
Profesional
","
Inmobilorca

"
25,99270862,21/11/2022 16:09:55,"
Piso en calle de Sor María de Ágreda, Ventas, Madrid
",1.000€/mes,1 hab.,160 m²,Bajo exterior sin ascensor,"
Alquiler Protegido pone a su disposición vivienda (Loft singular) a pie de calle, antiguo local, en Calle de Sor María de Ágreda, Ventas, Madrid. Área 160 m2. Todo exterior muy luminoso y con ventana a patio interior por la ventilación cruzada, ""sin humedades"", barrio muy tranquilo, pequeño jardín interior sin realizar, conserva canalización de aire.Dispone de dos plantas y una entre planta, cocina abierta con horno y vitroceramica, con todas las conexiones (lavavajillas, lavadora y nevera), habitación con baño, comedor y sala de estar abierto, un baño completo con columna de hidromasaje, y un aseo, calefacción individual de caldera, estanca de gas natural de nueva instalación, aislado térmicamente con doble muro ya que fue taller de motos antiguamente y estaba aislado para ruidos y cambios de temperatura, entrada individual (tiene doble entrada con pequeño descansillo), instalación de luz nueva (todo ello tipo industrial), altura de techos 4 metros.Fácil acceso, cerca a un pequeño parque, parada de autobús, estación de metro (quintana, ventas, elipa), farmacias, colegios, comercios.
",2 baños,Calefacción individual,,Cocina sin equipar y casa sin amueblar,"
Calle de Sor María de Ágreda
;
Barrio Ventas
;
Distrito Ciudad Lineal
;
Madrid
;
Madrid capital, Madrid
","
Profesional
","
Alquiler Protegido

"
26,84370270,21/11/2022 16:09:56,"
Estudio en Zona Juan Carlos I, Murcia
",390€/mes,,40 m²,Planta 2ª exterior con ascensor,"
Alquiler de Estudio en Edificio situado en Edificio de Confitería Luis Miguel (Junto a nuevo Mercadona) Planta Segunda, Orientación Sur. Completamente Amueblado y cocina equipada. Dispone de Trastero Plaza de garaje opcional en mismo edificio.  NO ESTÁ PERMITIDO ""MASCOTAS"" EN LA VIVIENDA.
",1 baño,No dispone de calefacción,,Amueblado y cocina equipada,"
;
Barrio Zona Juan Carlos I
;
Distrito Norte
;
Murcia
;
Área de Murcia, Murcia
","
Profesional
","
Inmotasa Profesionales Inmobiliarios

"
27,26496448,21/11/2022 16:09:57,"
Piso en calle Acisclo Díaz, 1, Alhama de Murcia
",400€/mes,3 hab.,80 m²,Planta 1ª exterior con ascensor,"
Dejo mi piso por traslado a otra ciudad,he vivido en el,asi que,tiene todo lo que necesitas en una casa para el dia a dia y ademas con muebles actuales y funcionales.el piso tiene tres habitaciones pero una de ellas es un vestidor donde tienes sitio para guardar todo!!!.tiene lavadero y patio.la situacion es inmejorable frente a mercadona, piscina cubierta,un instituto,dos colegios y una guarderia.a unos 50m de una zona de terrazas,bares y heladerias.os gustara porque lo tiene todo cerca,los ventanales principales dan a una calle con poco transito por ello no hay ruidos,cosa que yo valoro mucho.
",1 baño,,Plaza de garaje incluida en el precio,Amueblado y cocina equipada,"
Calle Acisclo Díaz, 1
;
Distrito Alhama de Murcia
;
Alhama de Murcia
;
Bajo Guadalentín, Murcia
","
Particular
","

Monica

"
28,99610254,21/11/2022 16:09:58,"
Piso en San Andrés-San Antolín, Murcia
",750€/mes,3 hab.,160 m²,Planta 4ª exterior con ascensor,"
Piso céntrico en alquiler dispuesto para entrar a vivir, totalmente equipado con 3 dormitorios, salón, cocina y 2 baños, despensa y galería, edificio con portero físico y gran patio de juegos.
",2 baños,Calefacción central,,Amueblado y cocina equipada,"
;
Barrio San Andrés-San Antolín
;
Distrito Centro
;
Murcia
;
Área de Murcia, Murcia
","
Profesional
","
VIVENTA GRUPO INMOBILIARIO

"
29,99610238,21/11/2022 16:09:59,"
Piso en San Nicolás, Murcia
",900€/mes,3 hab.,120 m²,Planta 2ª exterior con ascensor,"
¿Buscas una vivienda de alquiler situada en una buena zona de Murcia? Esta es para ti.Sus 120 metros cuadrados construidos se distribuyen en tres dormitorios, dos baños, un amplio salón, y una cocina independiente, totalmente equipada y con galería. Su orientación es mediodía / levante. La comunidad y el agua van incluidos en el precio, se requiere alquiler de larga duración y dos meses de fianza.La zona de San Nicolás cuenta con multitud de servicios que encontrará a su alcance, como puede ser paradas de autobús, centros comerciales, centros médicos, colegios, zona de paso, y supermercados. Si necesita cualquier información relacionada con esta vivienda, no dude en ponerse en contacto con nosotros.Gastos de honorarios no incluidos en el precio.
",2 baños,Calefacción individual,,Amueblado y cocina equipada,"
;
Barrio San Nicolás
;
Distrito Centro
;
Murcia
;
Área de Murcia, Murcia
","
Profesional
","
Brextom Properties

"
30,99610238,21/11/2022 16:10:01,"
Piso en San Nicolás, Murcia
",900€/mes,3 hab.,120 m²,Planta 2ª exterior con ascensor,"
¿Buscas una vivienda de alquiler situada en una buena zona de Murcia? Esta es para ti.Sus 120 metros cuadrados construidos se distribuyen en tres dormitorios, dos baños, un amplio salón, y una cocina independiente, totalmente equipada y con galería. Su orientación es mediodía / levante. La comunidad y el agua van incluidos en el precio, se requiere alquiler de larga duración y dos meses de fianza.La zona de San Nicolás cuenta con multitud de servicios que encontrará a su alcance, como puede ser paradas de autobús, centros comerciales, centros médicos, colegios, zona de paso, y supermercados. Si necesita cualquier información relacionada con esta vivienda, no dude en ponerse en contacto con nosotros.Gastos de honorarios no incluidos en el precio.
",2 baños,Calefacción individual,,Amueblado y cocina equipada,"
;
Barrio San Nicolás
;
Distrito Centro
;
Murcia
;
Área de Murcia, Murcia
","
Profesional
","
Brextom Properties

"
31,99609756,21/11/2022 16:10:02,"
Piso en calle Lorenzo Morales, 1, San Pedro del Pinatar
",600€/mes,2 hab.,70 m²,,"
En el centro de San Pedro del Pinatar, totalmente nuevo a estrenar, no ha vivido nadie en la vivienda nunca, todo nuevo, muebles, cocina, electrodomésticos etc. Se trata de un apartamento en el centro de la ciudad, con todos los servicios a la mano, absolutamente todo sin necesidad de coger el coche. Es una vivienda con unas terminaciones de gran calidad. Nada mas entrar a la derecha cuenta con una cocina independiente bastante grande, muy cuadrada, con todo recién instalado. En la misma entrada el primer cuarto de baño completo, y acceso desde alli al salon, con forma rectangular es amplio y luminoso, da a la calle Emilio Castelar, con ventanal abatible de pvc con climalit, como todas las ventanas de la casa y persiana electrica. Desde el salon accedemos a la zona de dormitorios encontrando uno a la derecha y otro a la izquierda y el cuarto de baño completo con ducha en el medio de los dos dormitorios. Ambos dormitorios tienen armarios empotrados, vestidos, forrados con cajoneras. Dispone de aire acondicionado por conductos, luces de led en toda la casa, video portero, trastero y plaza de garaje independiente cerrada con motor automatico con mando a distancia. La plaza de garaje es muy amplia tiene sitio para un coche, y bicis o una moto.. . Se busca un perfil de una persona o una pareja sin niños, sin mascotas, con trabajo estable, con un minimo de antiguedad y nominas. No se enseña si no se cumple con esos requisitos.
",2 baños,,Plaza de garaje incluida en el precio,,"
Calle Lorenzo Morales, 1
;
Distrito San Pedro del Pinatar
;
San Pedro del Pinatar
;
Mar Menor, Murcia
","
Profesional
","
Manuel Conesa Ferrer

"
32,30039382,21/11/2022 16:10:03,"
Piso en calle Castillo de Ricote, 18, Altorreal-El Chorrico, Molina de Segura
",500€/mes,1 hab.,69 m²,Planta 1ª exterior con ascensor,"
Bonito apartamento de 1 dormitorio, con aire acondicionado frio y calor, suelo de tarima, mosquiteras, piscina, plaza de garaje y trastero.
",1 baño,,Plaza de garaje incluida en el precio,Amueblado y cocina equipada,"
Calle Castillo de Ricote, 18
;
Barrio Altorreal-El Chorrico
;
Distrito Romeral
;
Molina de Segura
;
Vega Media, Murcia
","
Particular
","

Carlos

"
33,99609539,21/11/2022 16:10:04,"
Piso en Ensanche, Cartagena
",750€/mes,3 hab.,100 m²,Planta 9ª exterior con ascensor,"
SITUADO EN EL PASEO PROXIMO AL HOTEL ALFONSO XIII. Excelente piso ubicado en 9º Planta con ascensor, consta de salón comedor, cocina amueblada amueblada con acceso a galería, 3 dormitorios, siendo el principal tipo suite con vestidor y baño, 2 baños, domótica, persianas eléctricas, suelo de mármol, amplia terraza de uso privativo, dispone de aire acondicionado y calefacción por conductos, plaza de garaje y trastero. LA VIVIENDA SE ALQUILA AMUEBLADA.
",2 baños,Calefacción individual: Eléctrica,Plaza de garaje incluida en el precio,Amueblado y cocina equipada,"
Urb. Paseo Alfonso XIII
;
Barrio Ensanche
;
Distrito Cartagena
;
Cartagena
;
Campo de Cartagena, Murcia
","
Profesional
","
Inmobiliaria Marin

"
34,99609369,21/11/2022 16:10:06,"
Ático en El Carmen, Murcia
",850€/mes,4 hab.,125 m²,Planta 4ª exterior con ascensor,"
ÁTICO-DÚPLEX AMUEBLADO EN EL BARRIO DEL CARMEN (PRÓXIMO AL CUARTEL DE ARTILLERIA) DE 125 M2 CONSTRUIDOS. La planta inferior consta de 96 m2 en los cuales está el salón, cocina equipada con los electrodomésticos, lavadero y tres dormitorios (incluyendo el dormitorio principal con baño incorporado) y aseo. La planta superior tiene un dormitorio, un baño, buhardilla con salida a terraza de 34 m2. Dispone de instalación de aire acondicionado, suelo de gres, puertas de roble, ventanas con climalit y plaza de garaje. Hace esquina. Todo exterior excepto baños. Orientación levante-mediodía. Zona tranquila.
",3 baños,,Plaza de garaje incluida en el precio,Amueblado y cocina equipada,"
;
Barrio El Carmen
;
Distrito Sur
;
Murcia
;
Área de Murcia, Murcia
","
Profesional
","
Allure Inmuebles

"
35,99608635,21/11/2022 16:10:07,"
Piso en calle Cartagena de Indias, 25, Ensanche, Cartagena
",630€/mes,2 hab.,96 m²,Planta 3ª exterior sin ascensor,"
Se alquila piso en calle Cartagena de Indias, zona muy bien ubicada y céntrica, cercana a negocios principales, universidad, juzgados, farmacia, restaurantes, supermercados.. .El piso es muy luminoso, recibe luz directa del exterior en todas las habitaciones. Amplio y espacioso. Se alquila totalmente equipado. Cocina y baño recién reformados con los electrodomésticos a estrenar. El piso ha sido saneado y pintado entero. 2 habitaciones amplias y luminosas, una de ellas dispone de vestidor propio.El bloque tiene tan solo 2 vecinos por planta.
",1 baño,Calefacción individual: Bomba de frío/calor,,Amueblado y cocina equipada,"
Calle Cartagena de Indias, 25
;
Barrio Ensanche
;
Distrito Cartagena
;
Cartagena
;
Campo de Cartagena, Murcia
","
Particular
","

María Rodríguez

"
36,99609221,21/11/2022 16:10:07,"
Piso en calle Isla Perdiguera, 10, El Esparragal, Murcia
",490€/mes,2 hab.,80 m²,Planta 1ª exterior con ascensor,"
Se alquila piso en El Esparragal, prácticamente nuevo, con plaza de garaje y trastero, muy cerca de centro de salud, farmacia, colegios, etc.
",1 baño,Calefacción individual,Plaza de garaje incluida en el precio,Amueblado y cocina equipada,"
Calle Isla Perdiguera, 10
;
Barrio El Esparragal
;
Distrito Pedanías Norte
;
Murcia
;
Área de Murcia, Murcia
","
","

Encarni

"
37,31345363,21/11/2022 16:10:08,"
Estudio en Casillas, Murcia
",395€/mes,,35 m²,Planta 2ª exterior sin ascensor,"
Estudio con cama abatible. Baño, Cocina tipo Office amueblada con electrodomésticos, aire acondicionado y calefacción, pintura lisa, fácil aparcamiento, a 5 minutos de Parada del Travia y Centro de Ocio Zig-Zag, zona tranquila y con todos los establecimientos Supermercados, Farmacias, Zona de Ocio y Restauración y a 10 minutos del centro de Murcia. No incluye menaje y tv. Mas 25 € Mensual Agua. Telefono Contacto 605 863 929 Esther.
",1 baño,Calefacción individual: Bomba de frío/calor,,Amueblado y cocina equipada,"
;
Barrio Casillas
;
Distrito Pedanías Este
;
Murcia
;
Área de Murcia, Murcia
","
Profesional
","
JUAN ANTONIO ALARCON

"
38,99608478,21/11/2022 16:10:10,"
Piso en calle Madrid, 84, Alcantarilla
",600€/mes,3 hab.,110 m²,Planta 1ª exterior sin ascensor,"
Se alquila piso en Alcantarilla, zona calle Madrid, el piso está totalmente equipado, la cocina nueva a estrenar, para entrar a vivir. Condiciones, se necesita contrato de trabajo y las dos últimas nóminas.Comunidad incluida.
",1 baño,,,Amueblado y cocina equipada,"
Calle Madrid, 84
;
Alcantarilla
;
Área de Murcia, Murcia
","
Particular
","

fatimatetemekirita

"
39,99608307,21/11/2022 16:10:10,"
Piso en calle Saavedra Fajardo, 10, La Ñora, Murcia
",800€/mes,2 hab.,97 m²,Planta 2ª exterior con ascensor,,1 baño,,Plaza de garaje incluida en el precio,Cocina equipada y casa sin amueblar,"
Calle Saavedra Fajardo, 10
;
Urb. El Portal de los Jerónimos
;
Barrio La Ñora
;
Distrito Pedanías Oeste
;
Murcia
;
Área de Murcia, Murcia
","
","

Tomás

"
40,96895484,21/11/2022 16:10:11,"
Piso en calle Isidoro de la Cierva, 10, Centro, Águilas
",450€/mes,2 hab.,80 m²,Planta 4ª exterior con ascensor,"
Se alquila vivienda prácticamente nueva, compuesta de salón-cocina americana, 2 dormitorios, un baño, balcón y una terraza en planta de arriba privada con trastero (ideal para barbacoas). La vivienda tiene aire acondicionado en el salón y todos los electrodomésticos. Condiciones de alquiler: 500 euros anual (+luz y agua) y un mes de fianza.Tambien se puede alquilar de octubre a junio (incluido) 400euros /mes(+luz y agua) con un mes de fianza.También se puede alquiler los meses de verano sueltos (julio 1300 euros /agosto 1600euros/setiembre 800 euros).Otras opciones de alquiler: llamar(696268413) Meses sueltos: 600euros.
",1 baño,,,Amueblado y cocina equipada,"
Calle Isidoro de la Cierva, 10
;
Distrito Centro
;
Águilas
;
Alto Guadalentín, Murcia
","
Particular
","

Ana María López Rodríguez

"
41,37849366,21/11/2022 16:10:12,"
Piso en calle San Jose, 6, Garres y Lages, Murcia
",575€/mes,3 hab.,90 m²,Planta 1ª exterior con ascensor,"
Excelente ubicación: a 10 minutos de Murcia capital, situado en la falda del monte con rutas de senderismo y mucha tranquilidad, próximo a comercios, colegio e instituto.- excelentes vistas a toda la ciudad de Murcia- Piso nuevo-completamente amueblado y equipado -aire acondicionado centralizado con bomba de frío y calor-tarima-pintura lisa. Recién pintado -muebles de alta calidad-sofá en piel-electrodomésticos de primeras marcas y bajo consumo -lavadora, lavavajillas, frigo de 2 metros, microondas, horno, silestone.-toda la iluminación en led-cama de matrimonio 2m x 1'50m-2 armarios empotrados -terraza comunitaria con tendedero-comunidad tranquila con pocos vecinos-ascensor-trastero-garaje.-3 habitaciones-2 baños.
",2 baños,,Plaza de garaje incluida en el precio,Amueblado y cocina equipada,"
Calle San Jose, 6
;
Barrio Garres y Lages
;
Distrito Pedanías Este
;
Murcia
;
Área de Murcia, Murcia
","
Particular
","

Roberto

"
42,99607428,21/11/2022 16:10:13,"
Piso en plaza de la Parada, 7, San Benito-Patiño, Murcia
",700€/mes,2 hab.,75 m²,Planta 2ª exterior con ascensor,"
Alquilo piso de dos habitaciones y un baño en zona Ronda Sur. Amueblado, Cocina con electrodomesticos. Aire Acondicionado centralizado. Muy luminoso, con balcon terraza amueblada. Incluye garaje y trastero. Cerca de areas de recreo, jardines y supermercados..
",1 baño,,Plaza de garaje incluida en el precio,Amueblado y cocina equipada,"
Plaza de la Parada, 7
;
Barrio San Benito-Patiño
;
Distrito Pedanías Este
;
Murcia
;
Área de Murcia, Murcia
","
Particular
","

Jorge

"
43,33721871,21/11/2022 16:10:14,"
Estudio en calle príncipe de asturias, 10, Alameda, Cartagena
",650€/mes,,130 m²,Planta 3ª exterior sin ascensor,"
Estupendo piso amueblado y muy luminoso, con techos altos, grandes ventanales, solo dos vecinos por planta.3 habitaciones exteriores ( antes 4, una dada al salón para amplitud), suelos laminados en toda la casa excepto gres en el baño.Cocina amueblada con electrodomésticos. Terraza trasera de desahogo, galería, da a un patio interior, muy ventilado y tranquilo. Todas las habitaciones tienen armarios.Terraza exterior a la calle Jiménez de la Espada Mejor ver.Listo para entrar a vivir, está recién actualizado.Contactar solo interesados PARTICULARES por favor.Atiendo WhatsApp, solo interesados. Fotos reales.
",1 baño,No dispone de calefacción,,Amueblado y cocina equipada,"
Calle príncipe de asturias, 10
;
Barrio Alameda
;
Distrito Cartagena
;
Cartagena
;
Campo de Cartagena, Murcia
","
Particular
","

Marta

"
44,99607246,21/11/2022 16:10:15,"
Piso en calle Murcia, 3, Centro - S'Eixample - Can Misses, Eivissa
",1.700€/mes,2 hab.,140 m²,Planta 4ª exterior con ascensor,"
Se alquila piso para todo el año en el centro de Ibiza. Consta de 2 habitaciones dobles 2 baños salón comedor muy grande cocina equipada terraza con vista y 2 plazas de parking! Por más información escríbeme o llamarme 665188855.
",2 baños,Calefacción individual,Plaza de garaje incluida en el precio,Amueblado y cocina equipada,"
Calle Murcia, 3
;
Distrito Centro - S'Eixample - Can Misses
;
Eivissa
;
Ibiza, Balears (Illes)
","
Profesional
","
NUNZIO FIALE

"
45,99606823,21/11/2022 16:10:16,"
Piso en Los Urrutias, Cartagena
",550€/mes,2 hab.,80 m²,Bajo exterior sin ascensor,"
Coqueto apartamento en Los Urrutias de 2 dormitorios, totalmente equipado y amueblado.Se alquila para todo el año.Se trata de un piso sobre pilares que tiene solo 3 escalones.Muy cercano al paseo marítimo.Con todos los servicios al alcance.Ideal para 2 personas.No se admiten mascotas.Se requiere contrato de trabajo.El precio incluye todos los gastos.
",1 baño,,,Amueblado y cocina equipada,"
Urb. los urrutias
;
Distrito Los Urrutias
;
Cartagena
;
Campo de Cartagena, Murcia
","
Profesional
","
LUDY Servicios Inmobiliarios

"
46,99606657,21/11/2022 16:10:17,"
Chalet adosado en virgen del consuell, 34, Santiago de la Ribera, San Javier
",550€/mes,3 hab.,75 m²,,"
parquet en toda la casa, porche acristalado de puertas correderas de aluminio, puerta panel y cerradura blindada de aluminio, jardin con limonero, naranjo, jazmin, aloe. consultar para temporada de verano...
",2 baños,Calefacción individual: Eléctrica,,Amueblado y cocina equipada,"
virgen del consuell, 34
;
Distrito Santiago de la Ribera
;
San Javier
;
Mar Menor, Murcia
","
Particular
","

j.abachin

"
47,99606533,21/11/2022 16:10:18,"
Piso en calle Mayor, 30139, Santa Cruz, Murcia
",450€/mes,2 hab.,85 m²,Planta 1ª exterior con ascensor,"
Precioso piso, cerca de todos los servicios supermercado, farmacia, centro médico.. . Muy buen cuidado y equipado hasta el último detalle. Aire centralizado por conducto. Se pide solvencia desmostrable, vida laboral y últimas nóminas. 2 meses fianza. Se aceptan mascotas. Año construcción 2008.
",1 baño,Calefacción central,,Amueblado y cocina equipada,"
Calle Mayor, 30139
;
Barrio Santa Cruz
;
Distrito Pedanías Este
;
Murcia
;
Área de Murcia, Murcia
","
Particular
","

Lydia

"
48,99606502,21/11/2022 16:10:19,"
Piso en avenida Pío Baroja, 26, Infante Juan Manuel, Murcia
",540€/mes,1 hab.,45 m²,Planta 2ª exterior con ascensor,"
Apartamento todo exterior con hermosas vistas a amplio jardín, recientemente remodelado.
",1 baño,,,Amueblado y cocina equipada,"
Avenida Pío Baroja, 26
;
Barrio Infante Juan Manuel
;
Distrito Sur
;
Murcia
;
Área de Murcia, Murcia
","
Particular
","

alberto.garcia

"
49,99606013,21/11/2022 16:10:20,"
Chalet adosado en Valladolises y Lo Jurado, Murcia
",499€/mes,3 hab.,150 m²,,"
Casa en VALLADOLISES zona Casas nuevas, 150 m. de superficie, 5 m2 de terraza, 3 habitaciones dobles, un baño, propiedad para entrar a vivir.Extras: agua, armarios empotrados, jardín, luminoso, luz, muebles, patio, t. v. , techos altos, terraza, trastero, autobuses, árboles, céntrico, centros médicos, cerca de universidad, colegios, hospitales, parques, rural, supermercados, vistas despejadas, zona de paso, zonas infantiles, garaje incluido.
",1 baño,No dispone de calefacción,Plaza de garaje incluida en el precio,Amueblado y cocina equipada,"
;
Barrio Valladolises y Lo Jurado
;
Distrito Campo de Murcia
;
Murcia
;
Área de Murcia, Murcia
","
Profesional
","
Llavete Gestión Patrimonial

"
50,86343981,21/11/2022 16:10:21,"
Piso en calle Águilas, 1, Yecla
",400€/mes,1 hab.,57 m²,Planta 3ª exterior con ascensor,"
Se alquila piso de una habitación y un baño, con salón/cocina integrada. Amueblado. Calefacción por gas ciudad.Plaza de garaje y ascensor.Estancia mínima 6 meses.
",1 baño,Calefacción central: Gas,Plaza de garaje incluida en el precio,Amueblado y cocina equipada,"
Calle Águilas, 1
;
Yecla
;
Altiplano-Oriental, Murcia
","
Particular
","

francisca

"
51,99604543,21/11/2022 16:10:21,"
Chalet adosado en La Unión, La Union
",690€/mes,4 hab.,137 m²,,"
Se alquila este precioso duplex de dos plantas con 4 dormitorios y 2 baños, en Sierra Minera, una de las zonas más tranquilas y bonitas de La Unión. Al entrar encontramos un amplio porche con jardín, y por él accedemos al interior de la vivienda. En la planta baja encontramos el salón, un baño, un dormitorio, el garaje y la cocina. Mediante la cocina podemos acceder a un estupendo y enorme patio. Una escalera situada en el salón nos lleva a la segunda planta, donde podemos encontrar 1 baño y 3 amplios dormitorios (todos con armario empotrado). Uno de los dormitorios da acceso a una terraza superior, y otro de ellos a una pequeña galeria o balcón cubierto.La vivienda cuenta con mejoras que se le han hecho a lo largo de los años. Se unificó toda la parte del salón-comedor dejando un espacio diáfano y grande sin pasillos.Ambos cuartos de baño están reformados. Instalación de fontanería actualizada y reformada.El piso inferior cuenta con parquet de madera.Todas las puertas de la vivienda fueron cambiadas por unas preciosas de madera de calidad.Además, el salón dispone de bomba de aire acondicionado y calefacción.
",2 baños,Calefacción individual: Bomba de frío/calor,Plaza de garaje incluida en el precio,Amueblado y cocina equipada,"
;
Distrito La Unión
;
La Union
;
Campo de Cartagena, Murcia
","
Particular
","

Amalia

"
52,99602761,21/11/2022 16:10:22,"
Casa o chalet independiente en La Veleta, Torrevieja
",800€/mes,2 hab.,100 m²,,"
Elisa Properties se complace de ofrecer este duplex con mucho carácter en la zona más deseada de Torrevieja! **** Se alquila por semanas o meses! El precio por semanas a consultar ****Se distribuye en 3 plantas. En la primera planta se encuentra el salón -comedor, cocina abierta al salón, puerta trasera que tiene vistas al jardín comunal trasero con zonas verdes y un patio de buen tamaño con barbacoa integrada para que puedas disfrutar del espacio a lo máximo! En la segunda planta puedes encontrar los dos dormitorios, uno de ellos con un pequeño balcón y un baño. Arriba del todo se encuentra el lavadero y un gran solarium. La vivienda está totalmente amueblada y equipada con electrodomésticos esenciales para vivir cómodamente e inclusive internet y aire acondicionado (frío y calor). Al estar muy cerca del centro de la ciudad, tienes todo lo que puedas necesitar en la puerta de tu casa. Desde atractivos parques hasta jardines y plazas, bares y restaurantes españoles e internacionales, lagos naturales de sal rosa, centros comerciales, supermercados, discotecas, hermosas playas de aguas cristalinas y arena dorada, parques acuáticos, ¡y mucho más! Torrevieja ofrece hospitales y centros médicos, clínicas dentales, cine y actividades de interior como bolos y salones recreativos.El aeropuerto de Alicante se encuentra a 35 minutos y el nuevo Aeropuerto de la Región de Murcia se encuentran a 45 minutos en coche desde esta ubicación idílica, así como conexiones de transporte público.Como si esto no fuera suficiente, Villamartín, Las Ramblas y el Real Club de Campoamor se encuentran a 25 minutos en coche y ofrecen algunos de los campos de golf más bonitos de España.Si desea más información sobre esta vivienda, no dude en ponerse en contacto con nuestra oficina!
",3 baños,No dispone de calefacción,Plaza de garaje incluida en el precio,Amueblado y cocina equipada,"
;
Barrio La Veleta
;
Distrito El Acequión - Los Náufragos
;
Torrevieja
;
Baix Segura, Alicante
","
Profesional
","
Costa del Sol

"
53,99602732,21/11/2022 16:10:24,"
Piso en Lomas de Cabo Roig-Los Dolses, Orihuela
",600€/mes,2 hab.,120 m²,Planta 1ª exterior sin ascensor,"
Elisa Properties se complace de ofrecer este luminoso apartamento ubicada en una zona tranquila y segura. **ALQUILER DISPONIBLE A PARTIR DE MAYO 2023**** ALQUILER VACACIONAL**Monte Zenia y sus alrededores es una zona reconocida como uno de los lugares más populares de Orihuela costa. Además de sus playas con bandera azul, cuenta con una serie de pintorescas calas de arena blanca y aguas cristalinas.La vivienda consiste de 2 dormitorios, 1 baño, un amplio salón comedor con una cocina abierta. Dispone de un balcón de buen tamaño y un solárium en la segunda planta con vistas a todo su alrededor. En un entorno muy agradable y se alquila con todos los muebles electrodomésticos y esenciales. Además, se ubica en una urbanización privada con dos piscinas comunitarias para disfrutar en los meses cálidos. La comunidad incluso tiene una popular pista de karts, supermercados y un complejo deportivo municipal que incluye un gimnasio, canchas de tenis. El centro comercial más grande de la provincia de Alicante, Zenia Boulevard, se encuentra a 4 minutos en coche y ofrece más de 200 tiendas, incluidos restaurantes, cafeterías, un parque infantil, pequeños taburetes de propiedad independiente e incluso alberga conciertos en directo. Entre eventos locales y nacionales.Además se encuentra a tan solo 10 minutos en coche de Torrevieja y cerca de sus numerosos lugares de interés y servicios. Estos incluyen parques acuáticos, clubes nocturnos, los grandes lagos de agua salada y sus numerosas playas. Se encuentra a 40 minutos de los aeropuertos de Alicante y Región de Murcia.Por si esto fuera poco, Villamartín, Las Ramblas y el Real Club de Campoamor se encuentran a menos de 8 minutos en coche. Estos campos ofrecen algunos de los campos de golf más pintorescos de España.Si desea más información sobre esta casa, no dude en contactar con nuestra oficina!
",1 baño,Calefacción individual,,Amueblado y cocina equipada,"
;
Barrio Lomas de Cabo Roig-Los Dolses
;
Distrito Orihuela Costa
;
Orihuela
;
Baix Segura, Alicante
","
Profesional
","
Costa del Sol

"
54,99602703,21/11/2022 16:10:25,"
Piso en Cabo Roig, Orihuela
",600€/mes,2 hab.,80 m²,Bajo exterior sin ascensor,"
Elisa Properties se complace de ofrecer esta casa adosada en la zona mas deseada de Orihuela Costa! **ALQUILER DISPONIBLE DE SEPTIEMBRE A JUNIO**Cabo Roig se encuentra al sur de Torrevieja. La zona disfruta de un clima típicamente mediterráneo con aproximadamente 320 días de sol al año. La encantadora ciudad tiene amplias avenidas bordeadas de palmeras y jardines con vistas al Mediterráneo. Está considerada como una de las zonas más exclusivas de la Costa Blanca.La vivienda consiste de 2 dormitorios, 2 baños, cocina abierta al salón comedor con un pequeño balcón con jardín para disfrutar del espacio al máximo. Dispone de chimenea, ideal para disfrutar cómodamente los meses de invierno. Se alquila totalmente amueblado y equipado con todos los electrodomésticos esenciales. Cabo Roig es un popular resort de playa ubicado en Orihuela Costa. Es conocida por sus limpias playas con bandera azul. La zona ofrece uno de los mejores puertos deportivos de la popular Costa Blanca. Situado en una atractiva zona, cuenta con más de doscientas plazas de amarre, un restaurante y otras cómodas instalaciones. La comunidad cuenta incluso con supermercados y un polideportivo municipal que ofrece gimnasio, pistas de tenis. El centro comercial más grande de la provincia de Alicante, Zenia Boulevard, está a 5 minutos en coche y ofrece más de 200 tiendas, incluidos restaurantes, cafeterías, un parque infantil, pequeños taburetes de propiedad independiente e incluso alberga conciertos en directo. Entre eventos locales y nacionales. La ciudad de Torrevieja está a sólo 15 minutos en coche y cerca de sus múltiples atracciones y servicios. Estos incluyen parques acuáticos, clubes nocturnos, grandes lagos de agua salada y sus numerosas playas. Se encuentra a 40 minutos del aeropuerto de Alicante ya unos 25 minutos de la Región de Murcia. Por si esto fuera poco, Villamartín, Las Ramblas y el Real Club de Campoamor se encuentran a menos de 5 minutos en coche. Estos campos ofrecen algunos de los campos de golf más pintorescos de España.  Si desea más información sobre esta casa, no dude en contactar con nuestra oficina!
",2 baños,No dispone de calefacción,,Amueblado y cocina equipada,"
;
Barrio Cabo Roig
;
Distrito Orihuela Costa
;
Orihuela
;
Baix Segura, Alicante
","
Profesional
","
Costa del Sol

"
55,99602337,21/11/2022 16:10:26,"
Piso en calle Mercedes Luengo, San Cayetano, Torre-Pacheco
",560€/mes,4 hab.,150 m²,Bajo exterior con ascensor,"
ALQUILER DESDE FINALES DE DICIEMBRE Y PARA TODO EL AÑO ¿Buscas alquiler en Torre Pacheco - Murcia? Les presentamos su nuevo hogar, vivienda ubicada en pueblo San Cayetano, cerca de los servicios y comercios. A 5 kilometros del centro de San Javier. La vivienda se alquila sin muebles, pero con cocina equipada. Es planta Primera, edificio con ascensor. Dispone de 150 m² donde se encuentran salón/comedor con cocina independiente, 4 dormitorios y 3 baños, una enorme terraza. El ático tiene Aire acondicionado. Piscina comunitaria. Plaza de garaje. SE acepta mascotas. No lo dude en contactarse con nuestros agentes que estarán encantados de poder ayudarle. Mas información: + 34 604 42 25 81 sunandsearealestate. comReferencia: Rent-548A.
",3 baños,,Plaza de garaje incluida en el precio,Amueblado y cocina equipada,"
Calle Mercedes Luengo
;
Distrito San Cayetano
;
Torre-Pacheco
;
Mar Menor, Murcia
","
Profesional
","
Sun And Sea Real Estate .

"
56,99600114,21/11/2022 16:10:29,"
Piso en El Palmar, Murcia
",550€/mes,3 hab.,90 m²,Planta 1ª exterior con ascensor,"
Estupendo piso en 1ª planta en zona bar Cariño, muy cerca de la calle mayor. Consta de 1 habitación doble con un gran armario con altillo, 2 dormitorios simples con armario empotrado, uno de ellos habilitado como despacho, baño completo con pie de ducha y mampara, aseo y salón comedor con salida a 2 pequeños balcones. Dispone de A/A en salón y dormitorio principal, piso recién pintado.DISPONE DE ASCENSOR.NO DISPONE DE GARAJE.""NO SE ACEPTAN MASCOTAS"".
",2 baños,No dispone de calefacción,,Amueblado y cocina equipada,"
;
Barrio El Palmar
;
Distrito Pedanías Oeste
;
Murcia
;
Área de Murcia, Murcia
","
Profesional
","
Inmobiliaria Rosa Y Valiente

"
57,99598468,21/11/2022 16:10:29,"
Piso en Casco Antiguo, Cartagena
",700€/mes,3 hab.,110 m²,Planta 5ª exterior con ascensor,"
PISO EN ALQUILER EN ZONA ESTACION!Estupendo piso en alquiler en zona estación con muy buenas vistas y luminoso, con todo tipo de servicios accesibles, a 5 mnts del centro de la ciudad, y muy cerca de la autovía, Consta de 3 dormitorios complemente amueblados, 1 cuarto de baño, amplio y luminoso salón comedor, el edificio tiene rampa y ascensor.SI ESTAS BUSCANDO UNA VIVIENDA X ESTA ZONA NO DUDES EN CON SULTARNOS!admite pequeñas mascotas.
",1 baño,,,Amueblado y cocina equipada,"
;
Barrio Casco Antiguo
;
Distrito Cartagena
;
Cartagena
;
Campo de Cartagena, Murcia
","
Profesional
","
Cristina Ferrer

"
58,99598181,21/11/2022 16:10:31,"
Piso en Playa Flamenca, Orihuela
",900€/mes,2 hab.,110 m²,Planta 3ª exterior con ascensor,"
Elisa Properties se complace este luminoso apartamento ubicada a pocos metros de la playa!Playa Flamenca es reconocida como uno de los lugares más populares de Orihuela Costa. Tiene dos playas con bandera azul y una serie de pequeñas calas de hermosa arena blanca y aguas cristalinas. La zona ofrece increíbles paseos por los acantilados a lo largo de la costa sur. Ofreciendo impresionantes vistas al mar Mediterráneo. Ubicada en una zona céntrica y segura. Se distribuye en dos dormitorios, un baño, dos terrazas con vistas para disfrutar de espacio a lo máximo, un garaje privado con plaza de aparcamiento y piscina comunitaria con zonas verdes. Se alquila amueblado y con todos los electrodomésticos esenciales para vivir. **SE PERMITEN MASCOTAS**La comunidad incluso cuenta con una popular pista de karts, supermercados, un complejo deportivo municipal que ofrece un gimnasio, canchas de tenis. El centro comercial más grande de la provincia de Alicante, Zenia Boulevard, se encuentra a 15 minutos a pie y ofrece más de 200 tiendas, incluidos restaurantes, cafeterías, parque de juegos para niños, pequeños taburetes de propiedad independiente e incluso alberga conciertos en vivo entre eventos locales y nacionales.Además, se encuentra a tan solo 7 minutos en coche de Torrevieja y cerca de sus numerosas atracciones y servicios, como parques acuáticos, discotecas, los grandes lagos de agua salada y sus numerosas playas. Está a 40 minutos de los aeropuertos de Alicante y Región de Murcia.Como si esto no fuera suficiente, Villamartín, Las Ramblas y el Real Club de Campoamor se encuentran a menos de 15 minutos en coche y ofrecen algunos de los campos de golf más bonitos de España.Si desean más información sobre esta vivienda, no duden en contactar con nuestra oficina! Las condiciones de alquiler son los siguientes;- Justificante de ingresos para la compañía de seguros- Pago de 2 meses de fianza- Pago de 1 mes de agencia + IVA.
",1 baño,No dispone de calefacción,Plaza de garaje incluida en el precio,Cocina sin equipar y casa sin amueblar,"
;
Barrio Playa Flamenca
;
Distrito Orihuela Costa
;
Orihuela
;
Baix Segura, Alicante
","
Profesional
","
Costa del Sol

"
59,99598028,21/11/2022 16:10:32,"
Piso en calle Santa Úrsula, El Carmen, Murcia
",750€/mes,2 hab.,80 m²,Planta 1ª exterior con ascensor,"
***LUMINOSO PISO CON TERRAZA EN EL CARMEN***Estupendo y amplio piso en alquiler en el Carmen, sin duda la zona que cuenta con todos los servicios cerca y próxima al centro de la ciudad. La vivienda está situada en la primera planta del edificio con ascensor, tiene 2 dormitorios y 1 baño.El piso se alquila totalmente amueblado. La zona de día la compone salón-comedor muy luminoso ya que cuenta con ventanas por toda la vivienda y salida a preciosa y muy funcional terraza. Por otro lado, la zona de noche se distribuye en 2 comodos dormitorios con armarios y 1 baño, que está totalmente amueblado.La cocina es amplia, luminosa e independiente, está amueblada y equipada completa con electrodomésticos, nevera y lavadora.Gastos de comunidad incluidos en el precio.Sin duda un piso súper completo y hecho a tu medida, no lo dudes más y ¡llámanos!
",1 baño,,,Amueblado y cocina equipada,"
Calle Santa Úrsula
;
Barrio El Carmen
;
Distrito Sur
;
Murcia
;
Área de Murcia, Murcia
","
Profesional
","
The Simple Rent

"
